Dx,Dz,method
0.0036633047,0.01,natural-direction
0.008379641,0.01,natural-direction
0.0054345108,0.01,natural-direction
0.0047961255,0.01,natural-direction
0.0036454315,0.01,natural-direction
0.0064803143,0.01,natural-direction
0.0043555545,0.01,natural-direction
0.005255074,0.01,natural-direction
0.0046533286,0.01,natural-direction
0.006573347,0.01,natural-direction
0.004169894,0.01,natural-direction
0.002668406,0.01,natural-direction
0.005438292,0.01,natural-direction
0.0035406628,0.01,natural-direction
0.005334823,0.01,natural-direction
0.006651416,0.01,natural-direction
0.006725234,0.01,natural-direction
0.0038128186,0.01,natural-direction
0.005521462,0.01,natural-direction
0.0028252043,0.01,natural-direction
0.0037799082,0.01,natural-direction
0.0036616172,0.01,natural-direction
0.0058983346,0.01,natural-direction
0.0072190682,0.01,natural-direction
0.0071252747,0.01,natural-direction
0.0033025611,0.01,natural-direction
0.004222278,0.01,natural-direction
0.003110301,0.01,natural-direction
0.014004594,0.01,natural-direction
0.00484871,0.01,natural-direction
0.0036134243,0.01,natural-direction
0.0047798613,0.01,natural-direction
0.0057933065,0.01,natural-direction
0.0049758344,0.01,natural-direction
0.008752824,0.01,natural-direction
0.00516478,0.01,natural-direction
0.006103615,0.01,natural-direction
0.0029733996,0.01,natural-direction
0.0054192655,0.01,natural-direction
0.0044659195,0.01,natural-direction
0.010348272,0.01,natural-direction
0.004030651,0.01,natural-direction
0.0026370918,0.01,natural-direction
0.004095337,0.01,natural-direction
0.0045448975,0.01,natural-direction
0.0061439183,0.01,natural-direction
0.005907947,0.01,natural-direction
0.00629145,0.01,natural-direction
0.0042796107,0.01,natural-direction
0.0051452927,0.01,natural-direction
0.005055469,0.01,natural-direction
0.0050586006,0.01,natural-direction
0.0033187107,0.01,natural-direction
0.0024712216,0.01,natural-direction
0.0046880073,0.01,natural-direction
0.004323663,0.01,natural-direction
0.0047931992,0.01,natural-direction
0.0035960586,0.01,natural-direction
0.006354743,0.01,natural-direction
0.004854908,0.01,natural-direction
0.005830876,0.01,natural-direction
0.004961783,0.01,natural-direction
0.008501621,0.01,natural-direction
0.0041630846,0.01,natural-direction
0.003675391,0.01,natural-direction
0.0067591458,0.01,natural-direction
0.02198497,0.01,natural-direction
0.00557372,0.01,natural-direction
0.006533019,0.01,natural-direction
0.0033317024,0.01,natural-direction
0.012109785,0.01,natural-direction
0.004661356,0.01,natural-direction
0.0040790546,0.01,natural-direction
0.014032537,0.01,natural-direction
0.005215088,0.01,natural-direction
0.0056550237,0.01,natural-direction
0.005743358,0.01,natural-direction
0.007943908,0.01,natural-direction
0.00320583,0.01,natural-direction
0.005939807,0.01,natural-direction
0.024157373,0.05,natural-direction
0.03050761,0.05,natural-direction
0.03408331,0.05,natural-direction
0.019000951,0.05,natural-direction
0.037505127,0.05,natural-direction
0.014767968,0.05,natural-direction
0.033521116,0.05,natural-direction
0.030209204,0.05,natural-direction
0.025075689,0.05,natural-direction
0.027321508,0.05,natural-direction
0.018747723,0.05,natural-direction
0.028189505,0.05,natural-direction
0.018899342,0.05,natural-direction
0.023503058,0.05,natural-direction
0.05369606,0.05,natural-direction
0.045419548,0.05,natural-direction
0.028088104,0.05,natural-direction
0.028228454,0.05,natural-direction
0.024758616,0.05,natural-direction
0.01886988,0.05,natural-direction
0.034342196,0.05,natural-direction
0.02756864,0.05,natural-direction
0.021514805,0.05,natural-direction
0.029758498,0.05,natural-direction
0.01378609,0.05,natural-direction
0.025162576,0.05,natural-direction
0.022655034,0.05,natural-direction
0.06315124,0.05,natural-direction
0.031874772,0.05,natural-direction
0.072733,0.05,natural-direction
0.021659026,0.05,natural-direction
0.026644945,0.05,natural-direction
0.035027064,0.05,natural-direction
0.11416219,0.05,natural-direction
0.0316978,0.05,natural-direction
0.016185785,0.05,natural-direction
0.021921407,0.05,natural-direction
0.01722106,0.05,natural-direction
0.025154134,0.05,natural-direction
0.019596254,0.05,natural-direction
0.028655069,0.05,natural-direction
0.019733923,0.05,natural-direction
0.015372467,0.05,natural-direction
0.022160845,0.05,natural-direction
0.027051043,0.05,natural-direction
0.018388472,0.05,natural-direction
0.021202192,0.05,natural-direction
0.018935459,0.05,natural-direction
0.028753804,0.05,natural-direction
0.020793397,0.05,natural-direction
0.030112645,0.05,natural-direction
0.025735568,0.05,natural-direction
0.04398944,0.05,natural-direction
0.033853,0.05,natural-direction
0.026176084,0.05,natural-direction
0.026155654,0.05,natural-direction
0.022424394,0.05,natural-direction
0.030730363,0.05,natural-direction
0.024743233,0.05,natural-direction
0.01732371,0.05,natural-direction
0.026649984,0.05,natural-direction
0.0369918,0.05,natural-direction
0.013694863,0.05,natural-direction
0.012785625,0.05,natural-direction
0.0326077,0.05,natural-direction
0.030817036,0.05,natural-direction
0.034955353,0.05,natural-direction
0.04115757,0.05,natural-direction
0.024333011,0.05,natural-direction
0.043490443,0.05,natural-direction
0.07287322,0.05,natural-direction
0.029359912,0.05,natural-direction
0.021218758,0.05,natural-direction
0.017289385,0.05,natural-direction
0.02570582,0.05,natural-direction
0.033039335,0.05,natural-direction
0.024108015,0.05,natural-direction
0.023109185,0.05,natural-direction
0.018729627,0.05,natural-direction
0.016628193,0.05,natural-direction
0.061584417,0.09,natural-direction
0.0544344,0.09,natural-direction
0.04951678,0.09,natural-direction
0.0632664,0.09,natural-direction
0.043684967,0.09,natural-direction
0.047392573,0.09,natural-direction
0.026696866,0.09,natural-direction
0.03387491,0.09,natural-direction
0.03422083,0.09,natural-direction
0.0343304,0.09,natural-direction
0.13180293,0.09,natural-direction
0.06343932,0.09,natural-direction
0.20712937,0.09,natural-direction
0.06694524,0.09,natural-direction
0.06776187,0.09,natural-direction
0.055201836,0.09,natural-direction
0.09739019,0.09,natural-direction
0.06054137,0.09,natural-direction
0.03562736,0.09,natural-direction
0.029324992,0.09,natural-direction
0.03424221,0.09,natural-direction
0.031140704,0.09,natural-direction
0.042549588,0.09,natural-direction
0.033339795,0.09,natural-direction
0.114815794,0.09,natural-direction
0.024889695,0.09,natural-direction
0.04098793,0.09,natural-direction
0.04987822,0.09,natural-direction
0.07879205,0.09,natural-direction
0.03409642,0.09,natural-direction
0.04521034,0.09,natural-direction
0.044128016,0.09,natural-direction
0.057413857,0.09,natural-direction
0.051814485,0.09,natural-direction
0.08232716,0.09,natural-direction
0.048169795,0.09,natural-direction
0.055584967,0.09,natural-direction
0.053712986,0.09,natural-direction
0.040539015,0.09,natural-direction
0.05308416,0.09,natural-direction
0.039083093,0.09,natural-direction
0.061179914,0.09,natural-direction
0.027749544,0.09,natural-direction
0.0619892,0.09,natural-direction
0.039627183,0.09,natural-direction
0.024765851,0.09,natural-direction
0.04648374,0.09,natural-direction
0.04000014,0.09,natural-direction
0.04729333,0.09,natural-direction
0.050811857,0.09,natural-direction
0.03883618,0.09,natural-direction
0.0743753,0.09,natural-direction
0.03395616,0.09,natural-direction
0.04171646,0.09,natural-direction
0.04647317,0.09,natural-direction
0.045510456,0.09,natural-direction
0.05441396,0.09,natural-direction
0.038209297,0.09,natural-direction
0.048039574,0.09,natural-direction
0.044688974,0.09,natural-direction
0.07964163,0.09,natural-direction
0.03534921,0.09,natural-direction
0.13172382,0.09,natural-direction
0.037587646,0.09,natural-direction
0.05570599,0.09,natural-direction
0.038408767,0.09,natural-direction
0.031237556,0.09,natural-direction
0.030021997,0.09,natural-direction
0.057732593,0.09,natural-direction
0.051847227,0.09,natural-direction
0.045538343,0.09,natural-direction
0.044918522,0.09,natural-direction
0.050965555,0.09,natural-direction
0.0488558,0.09,natural-direction
0.031288072,0.09,natural-direction
0.023099406,0.09,natural-direction
0.043609843,0.09,natural-direction
0.050940007,0.09,natural-direction
0.058892373,0.09,natural-direction
0.05969027,0.09,natural-direction
0.11948061,0.13,natural-direction
0.065298475,0.13,natural-direction
0.08912088,0.13,natural-direction
0.08742382,0.13,natural-direction
0.035968095,0.13,natural-direction
0.05524615,0.13,natural-direction
0.083281286,0.13,natural-direction
0.07490073,0.13,natural-direction
0.04013476,0.13,natural-direction
0.054413255,0.13,natural-direction
0.049583584,0.13,natural-direction
0.14152934,0.13,natural-direction
0.056460336,0.13,natural-direction
0.051068045,0.13,natural-direction
0.07067826,0.13,natural-direction
0.06851033,0.13,natural-direction
0.07877262,0.13,natural-direction
0.071836196,0.13,natural-direction
0.04917416,0.13,natural-direction
0.09170904,0.13,natural-direction
0.06317841,0.13,natural-direction
0.03867363,0.13,natural-direction
0.049038474,0.13,natural-direction
0.06163307,0.13,natural-direction
0.09805995,0.13,natural-direction
0.06315024,0.13,natural-direction
0.059398048,0.13,natural-direction
0.096763186,0.13,natural-direction
0.07761188,0.13,natural-direction
0.0450538,0.13,natural-direction
0.07230634,0.13,natural-direction
0.057795443,0.13,natural-direction
0.07368564,0.13,natural-direction
0.07357542,0.13,natural-direction
0.19108471,0.13,natural-direction
0.06407124,0.13,natural-direction
0.3006626,0.13,natural-direction
0.07978708,0.13,natural-direction
0.06852597,0.13,natural-direction
0.0786534,0.13,natural-direction
0.04961683,0.13,natural-direction
0.08361783,0.13,natural-direction
0.085336566,0.13,natural-direction
0.042449716,0.13,natural-direction
0.09178289,0.13,natural-direction
0.060259975,0.13,natural-direction
0.057409152,0.13,natural-direction
0.0805297,0.13,natural-direction
0.06595306,0.13,natural-direction
0.07519164,0.13,natural-direction
0.03337511,0.13,natural-direction
0.080666244,0.13,natural-direction
0.06582163,0.13,natural-direction
0.06731228,0.13,natural-direction
0.11562782,0.13,natural-direction
0.05148849,0.13,natural-direction
0.049552243,0.13,natural-direction
0.07367294,0.13,natural-direction
0.065153085,0.13,natural-direction
0.048305146,0.13,natural-direction
0.045319296,0.13,natural-direction
0.16727322,0.13,natural-direction
0.076752625,0.13,natural-direction
0.19065908,0.13,natural-direction
0.055648506,0.13,natural-direction
0.08967645,0.13,natural-direction
0.06733246,0.13,natural-direction
0.045300566,0.13,natural-direction
0.06980071,0.13,natural-direction
0.058601905,0.13,natural-direction
0.056096658,0.13,natural-direction
0.0646162,0.13,natural-direction
0.04936257,0.13,natural-direction
0.11409936,0.13,natural-direction
0.043445513,0.13,natural-direction
0.08863063,0.13,natural-direction
0.06929593,0.13,natural-direction
0.08647067,0.13,natural-direction
0.10761457,0.13,natural-direction
0.03588968,0.13,natural-direction
0.1165906,0.18,natural-direction
0.10429303,0.18,natural-direction
0.22021168,0.18,natural-direction
0.07382882,0.18,natural-direction
0.064719774,0.18,natural-direction
0.15664035,0.18,natural-direction
0.06434149,0.18,natural-direction
0.082658686,0.18,natural-direction
0.11425717,0.18,natural-direction
0.14942962,0.18,natural-direction
0.0853666,0.18,natural-direction
0.07781915,0.18,natural-direction
0.055597372,0.18,natural-direction
0.06514388,0.18,natural-direction
0.18569694,0.18,natural-direction
0.06482199,0.18,natural-direction
0.1281724,0.18,natural-direction
0.047042448,0.18,natural-direction
0.091478035,0.18,natural-direction
0.08409719,0.18,natural-direction
0.07658369,0.18,natural-direction
0.06485623,0.18,natural-direction
0.06737484,0.18,natural-direction
0.15148662,0.18,natural-direction
0.08970448,0.18,natural-direction
0.10316944,0.18,natural-direction
0.08821932,0.18,natural-direction
0.0861223,0.18,natural-direction
0.14101034,0.18,natural-direction
0.120269395,0.18,natural-direction
0.08645882,0.18,natural-direction
0.050693978,0.18,natural-direction
0.11739978,0.18,natural-direction
0.09481858,0.18,natural-direction
0.08980144,0.18,natural-direction
0.10289571,0.18,natural-direction
0.10138169,0.18,natural-direction
0.10043661,0.18,natural-direction
0.08269779,0.18,natural-direction
0.09848479,0.18,natural-direction
0.063342296,0.18,natural-direction
0.09249058,0.18,natural-direction
0.071319394,0.18,natural-direction
0.11602465,0.18,natural-direction
0.2500493,0.18,natural-direction
0.085396536,0.18,natural-direction
0.052586537,0.18,natural-direction
0.09806867,0.18,natural-direction
0.10916581,0.18,natural-direction
0.07223995,0.18,natural-direction
0.08081439,0.18,natural-direction
0.096520185,0.18,natural-direction
0.09644301,0.18,natural-direction
0.07334119,0.18,natural-direction
0.09638472,0.18,natural-direction
0.066789575,0.18,natural-direction
0.09417829,0.18,natural-direction
0.39500663,0.18,natural-direction
0.075598806,0.18,natural-direction
0.25081697,0.18,natural-direction
0.056927066,0.18,natural-direction
0.109454826,0.18,natural-direction
0.0904671,0.18,natural-direction
0.07515488,0.18,natural-direction
0.11178272,0.18,natural-direction
0.12009835,0.18,natural-direction
0.058941722,0.18,natural-direction
0.12657404,0.18,natural-direction
0.059452984,0.18,natural-direction
0.11324657,0.18,natural-direction
0.088130765,0.18,natural-direction
0.08456732,0.18,natural-direction
0.10547791,0.18,natural-direction
0.0643914,0.18,natural-direction
0.046990946,0.18,natural-direction
0.10568454,0.18,natural-direction
0.04365432,0.18,natural-direction
0.078774214,0.18,natural-direction
0.07293718,0.18,natural-direction
0.059307788,0.18,natural-direction
0.14887948,0.22,natural-direction
0.06276917,0.22,natural-direction
0.09626081,0.22,natural-direction
0.12880458,0.22,natural-direction
0.10540287,0.22,natural-direction
0.1020806,0.22,natural-direction
0.078396,0.22,natural-direction
0.109001204,0.22,natural-direction
0.0801054,0.22,natural-direction
0.08006449,0.22,natural-direction
0.12722619,0.22,natural-direction
0.10690051,0.22,natural-direction
0.116652325,0.22,natural-direction
0.110864714,0.22,natural-direction
0.0796676,0.22,natural-direction
0.11932668,0.22,natural-direction
0.08068005,0.22,natural-direction
0.119279556,0.22,natural-direction
0.14832808,0.22,natural-direction
0.1937872,0.22,natural-direction
0.1439406,0.22,natural-direction
0.091300465,0.22,natural-direction
0.2736529,0.22,natural-direction
0.06513409,0.22,natural-direction
0.124234214,0.22,natural-direction
0.1411486,0.22,natural-direction
0.07284707,0.22,natural-direction
0.15630761,0.22,natural-direction
0.11731234,0.22,natural-direction
0.15844105,0.22,natural-direction
0.058132224,0.22,natural-direction
0.09293678,0.22,natural-direction
0.06878186,0.22,natural-direction
0.13530177,0.22,natural-direction
0.11328875,0.22,natural-direction
0.10421455,0.22,natural-direction
0.0824598,0.22,natural-direction
0.121793784,0.22,natural-direction
0.08918435,0.22,natural-direction
0.22945793,0.22,natural-direction
0.119248696,0.22,natural-direction
0.18484269,0.22,natural-direction
0.14337863,0.22,natural-direction
0.12514055,0.22,natural-direction
0.10645305,0.22,natural-direction
0.30958298,0.22,natural-direction
0.08324613,0.22,natural-direction
0.07355378,0.22,natural-direction
0.3107655,0.22,natural-direction
0.0901291,0.22,natural-direction
0.08017074,0.22,natural-direction
0.12118904,0.22,natural-direction
0.111715704,0.22,natural-direction
0.09057061,0.22,natural-direction
0.14509189,0.22,natural-direction
0.093489505,0.22,natural-direction
0.09716663,0.22,natural-direction
0.10569427,0.22,natural-direction
0.09984778,0.22,natural-direction
0.1088628,0.22,natural-direction
0.12752149,0.22,natural-direction
0.10468294,0.22,natural-direction
0.09458186,0.22,natural-direction
0.073317334,0.22,natural-direction
0.07960598,0.22,natural-direction
0.1111244,0.22,natural-direction
0.13511659,0.22,natural-direction
0.18721847,0.22,natural-direction
0.053916592,0.22,natural-direction
0.13829073,0.22,natural-direction
0.07041347,0.22,natural-direction
0.13046086,0.22,natural-direction
0.058120143,0.22,natural-direction
0.088267714,0.22,natural-direction
0.4900254,0.22,natural-direction
0.1023361,0.22,natural-direction
0.11433791,0.22,natural-direction
0.14004397,0.22,natural-direction
0.13074876,0.22,natural-direction
0.17458858,0.22,natural-direction
0.09529369,0.26,natural-direction
0.09614044,0.26,natural-direction
0.11475292,0.26,natural-direction
0.15342924,0.26,natural-direction
0.10884579,0.26,natural-direction
0.1711737,0.26,natural-direction
0.36931416,0.26,natural-direction
0.13998397,0.26,natural-direction
0.22054005,0.26,natural-direction
0.095428035,0.26,natural-direction
0.09500945,0.26,natural-direction
0.12737346,0.26,natural-direction
0.12150906,0.26,natural-direction
0.1390532,0.26,natural-direction
0.58615315,0.26,natural-direction
0.17653084,0.26,natural-direction
0.2733204,0.26,natural-direction
0.06922914,0.26,natural-direction
0.14206305,0.26,natural-direction
0.32830366,0.26,natural-direction
0.074853905,0.26,natural-direction
0.12559395,0.26,natural-direction
0.07770412,0.26,natural-direction
0.1611545,0.26,natural-direction
0.11888244,0.26,natural-direction
0.23112789,0.26,natural-direction
0.15153481,0.26,natural-direction
0.12430535,0.26,natural-direction
0.13517427,0.26,natural-direction
0.14806847,0.26,natural-direction
0.15548216,0.26,natural-direction
0.11132146,0.26,natural-direction
0.10784964,0.26,natural-direction
0.1270545,0.26,natural-direction
0.1727045,0.26,natural-direction
0.16808133,0.26,natural-direction
0.09340825,0.26,natural-direction
0.13203077,0.26,natural-direction
0.10736215,0.26,natural-direction
0.09808482,0.26,natural-direction
0.06416899,0.26,natural-direction
0.12958635,0.26,natural-direction
0.11076928,0.26,natural-direction
0.09920134,0.26,natural-direction
0.095432706,0.26,natural-direction
0.17742974,0.26,natural-direction
0.15197726,0.26,natural-direction
0.12201595,0.26,natural-direction
0.18895736,0.26,natural-direction
0.37107238,0.26,natural-direction
0.14520797,0.26,natural-direction
0.16120175,0.26,natural-direction
0.1052518,0.26,natural-direction
0.14424895,0.26,natural-direction
0.10607486,0.26,natural-direction
0.14212674,0.26,natural-direction
0.13233544,0.26,natural-direction
0.12978353,0.26,natural-direction
0.08197862,0.26,natural-direction
0.08731944,0.26,natural-direction
0.14215311,0.26,natural-direction
0.12599844,0.26,natural-direction
0.1708364,0.26,natural-direction
0.16483535,0.26,natural-direction
0.13628736,0.26,natural-direction
0.08678281,0.26,natural-direction
0.0839121,0.26,natural-direction
0.11266175,0.26,natural-direction
0.133002,0.26,natural-direction
0.20824201,0.26,natural-direction
0.15577364,0.26,natural-direction
0.22302324,0.26,natural-direction
0.14883246,0.26,natural-direction
0.166698,0.26,natural-direction
0.087623,0.26,natural-direction
0.0948962,0.26,natural-direction
0.12480844,0.26,natural-direction
0.06929334,0.26,natural-direction
0.1860084,0.26,natural-direction
0.11555904,0.26,natural-direction
0.110428154,0.3,natural-direction
0.12914014,0.3,natural-direction
0.086982995,0.3,natural-direction
0.14794199,0.3,natural-direction
0.20607617,0.3,natural-direction
0.11163871,0.3,natural-direction
0.14770573,0.3,natural-direction
0.12853767,0.3,natural-direction
0.10070623,0.3,natural-direction
0.17813401,0.3,natural-direction
0.11048652,0.3,natural-direction
0.31695887,0.3,natural-direction
0.68311554,0.3,natural-direction
0.20482981,0.3,natural-direction
0.18708019,0.3,natural-direction
0.43140846,0.3,natural-direction
0.09516761,0.3,natural-direction
0.11071899,0.3,natural-direction
0.115217626,0.3,natural-direction
0.1443436,0.3,natural-direction
0.1569401,0.3,natural-direction
0.15056299,0.3,natural-direction
0.1458361,0.3,natural-direction
0.258991,0.3,natural-direction
0.15363201,0.3,natural-direction
0.15009618,0.3,natural-direction
0.1757497,0.3,natural-direction
0.13323148,0.3,natural-direction
0.16498302,0.3,natural-direction
0.26852968,0.3,natural-direction
0.11366342,0.3,natural-direction
0.17637974,0.3,natural-direction
0.110276364,0.3,natural-direction
0.14492236,0.3,natural-direction
0.07442863,0.3,natural-direction
0.2003715,0.3,natural-direction
0.16729905,0.3,natural-direction
0.1107243,0.3,natural-direction
0.2562547,0.3,natural-direction
0.12219535,0.3,natural-direction
0.16863771,0.3,natural-direction
0.16509402,0.3,natural-direction
0.18722452,0.3,natural-direction
0.14632796,0.3,natural-direction
0.1251329,0.3,natural-direction
0.42937145,0.3,natural-direction
0.19828445,0.3,natural-direction
0.08031259,0.3,natural-direction
0.17202431,0.3,natural-direction
0.12461779,0.3,natural-direction
0.15422402,0.3,natural-direction
0.14170751,0.3,natural-direction
0.19831002,0.3,natural-direction
0.101670526,0.3,natural-direction
0.24184063,0.3,natural-direction
0.09030074,0.3,natural-direction
0.19330251,0.3,natural-direction
0.16151352,0.3,natural-direction
0.13388973,0.3,natural-direction
0.19496161,0.3,natural-direction
0.13786723,0.3,natural-direction
0.15316676,0.3,natural-direction
0.16265516,0.3,natural-direction
0.17253369,0.3,natural-direction
0.10135141,0.3,natural-direction
0.13073693,0.3,natural-direction
0.14100161,0.3,natural-direction
0.21952228,0.3,natural-direction
0.18088037,0.3,natural-direction
0.1083544,0.3,natural-direction
0.15823278,0.3,natural-direction
0.09741325,0.3,natural-direction
0.16468138,0.3,natural-direction
0.18050899,0.3,natural-direction
0.12645456,0.3,natural-direction
0.3836523,0.3,natural-direction
0.19150822,0.3,natural-direction
0.21571308,0.3,natural-direction
0.08053375,0.3,natural-direction
0.12286703,0.3,natural-direction
0.22521605,0.34,natural-direction
0.16606429,0.34,natural-direction
0.12717614,0.34,natural-direction
0.16048619,0.34,natural-direction
0.15684007,0.34,natural-direction
0.12570575,0.34,natural-direction
0.18397884,0.34,natural-direction
0.21330136,0.34,natural-direction
0.12613024,0.34,natural-direction
0.14413273,0.34,natural-direction
0.10285466,0.34,natural-direction
0.20293552,0.34,natural-direction
0.18731712,0.34,natural-direction
0.12591954,0.34,natural-direction
0.22193009,0.34,natural-direction
0.1649828,0.34,natural-direction
0.1755194,0.34,natural-direction
0.14700538,0.34,natural-direction
0.108338036,0.34,natural-direction
0.16864513,0.34,natural-direction
0.49188128,0.34,natural-direction
0.20561609,0.34,natural-direction
0.23477693,0.34,natural-direction
0.12567112,0.34,natural-direction
0.09909811,0.34,natural-direction
0.21817861,0.34,natural-direction
0.16838984,0.34,natural-direction
0.17431308,0.34,natural-direction
0.7804791,0.34,natural-direction
0.17061944,0.34,natural-direction
0.12600043,0.34,natural-direction
0.2502368,0.34,natural-direction
0.3612617,0.34,natural-direction
0.12917396,0.34,natural-direction
0.21987231,0.34,natural-direction
0.14869513,0.34,natural-direction
0.19980806,0.34,natural-direction
0.17856188,0.34,natural-direction
0.29198268,0.34,natural-direction
0.22812599,0.34,natural-direction
0.18517926,0.34,natural-direction
0.19626836,0.34,natural-direction
0.48967043,0.34,natural-direction
0.16433464,0.34,natural-direction
0.09136757,0.34,natural-direction
0.19599281,0.34,natural-direction
0.14186043,0.34,natural-direction
0.16145074,0.34,natural-direction
0.44014436,0.34,natural-direction
0.11571238,0.34,natural-direction
0.1233093,0.34,natural-direction
0.16673616,0.34,natural-direction
0.18813686,0.34,natural-direction
0.11463736,0.34,natural-direction
0.17134143,0.34,natural-direction
0.175016,0.34,natural-direction
0.1517354,0.34,natural-direction
0.19034684,0.34,natural-direction
0.18783706,0.34,natural-direction
0.30619556,0.34,natural-direction
0.1396214,0.34,natural-direction
0.19217798,0.34,natural-direction
0.13129964,0.34,natural-direction
0.1424532,0.34,natural-direction
0.20087858,0.34,natural-direction
0.23315573,0.34,natural-direction
0.2754603,0.34,natural-direction
0.24553947,0.34,natural-direction
0.14631006,0.34,natural-direction
0.13905768,0.34,natural-direction
0.11098499,0.34,natural-direction
0.15220788,0.34,natural-direction
0.08468889,0.34,natural-direction
0.21296854,0.34,natural-direction
0.18023635,0.34,natural-direction
0.22575931,0.34,natural-direction
0.11532344,0.34,natural-direction
0.09174281,0.34,natural-direction
0.29503545,0.34,natural-direction
0.20595378,0.34,natural-direction
0.14096066,0.38,natural-direction
0.20774063,0.38,natural-direction
0.25227872,0.38,natural-direction
0.17028932,0.38,natural-direction
0.34407702,0.38,natural-direction
0.14280315,0.38,natural-direction
0.12862732,0.38,natural-direction
0.49739793,0.38,natural-direction
0.18628545,0.38,natural-direction
0.24915284,0.38,natural-direction
0.14157122,0.38,natural-direction
0.16187765,0.38,natural-direction
0.23950706,0.38,natural-direction
0.10240833,0.38,natural-direction
0.22544983,0.38,natural-direction
0.19106671,0.38,natural-direction
0.87856036,0.38,natural-direction
0.14743815,0.38,natural-direction
0.14124069,0.38,natural-direction
0.2061878,0.38,natural-direction
0.14107099,0.38,natural-direction
0.2634467,0.38,natural-direction
0.195357,0.38,natural-direction
0.18909258,0.38,natural-direction
0.40597764,0.38,natural-direction
0.20979594,0.38,natural-direction
0.18710499,0.38,natural-direction
0.19692692,0.38,natural-direction
0.16489887,0.38,natural-direction
0.12147618,0.38,natural-direction
0.55270386,0.38,natural-direction
0.12456684,0.38,natural-direction
0.23898447,0.38,natural-direction
0.14469066,0.38,natural-direction
0.23092851,0.38,natural-direction
0.27529573,0.38,natural-direction
0.2615861,0.38,natural-direction
0.12980647,0.38,natural-direction
0.18124487,0.38,natural-direction
0.15913586,0.38,natural-direction
0.2197666,0.38,natural-direction
0.5501714,0.38,natural-direction
0.21996604,0.38,natural-direction
0.15967703,0.38,natural-direction
0.25594473,0.38,natural-direction
0.32792747,0.38,natural-direction
0.1383814,0.38,natural-direction
0.28114885,0.38,natural-direction
0.1640611,0.38,natural-direction
0.21579942,0.38,natural-direction
0.21117795,0.38,natural-direction
0.1112039,0.38,natural-direction
0.09494813,0.38,natural-direction
0.18940307,0.38,natural-direction
0.23079504,0.38,natural-direction
0.18000004,0.38,natural-direction
0.16665585,0.38,natural-direction
0.18434352,0.38,natural-direction
0.2001069,0.38,natural-direction
0.22779685,0.38,natural-direction
0.19216049,0.38,natural-direction
0.14149578,0.38,natural-direction
0.22394574,0.38,natural-direction
0.21070646,0.38,natural-direction
0.17581305,0.38,natural-direction
0.1563497,0.38,natural-direction
0.15592472,0.38,natural-direction
0.19645862,0.38,natural-direction
0.21342656,0.38,natural-direction
0.11537023,0.38,natural-direction
0.244862,0.38,natural-direction
0.10296357,0.38,natural-direction
0.2464957,0.38,natural-direction
0.3092669,0.38,natural-direction
0.33113402,0.38,natural-direction
0.18490845,0.38,natural-direction
0.1293004,0.38,natural-direction
0.17056827,0.38,natural-direction
0.25326234,0.38,natural-direction
0.20225728,0.38,natural-direction
0.19946927,0.43,natural-direction
0.2793866,0.43,natural-direction
0.15854402,0.43,natural-direction
0.15629482,0.43,natural-direction
0.20650315,0.43,natural-direction
0.29008886,0.43,natural-direction
0.17951487,0.43,natural-direction
0.23219894,0.43,natural-direction
0.18271916,0.43,natural-direction
0.13459046,0.43,natural-direction
0.30498737,0.43,natural-direction
0.31211072,0.43,natural-direction
0.25247958,0.43,natural-direction
0.16024776,0.43,natural-direction
0.18901882,0.43,natural-direction
0.27641857,0.43,natural-direction
0.23356861,0.43,natural-direction
0.12326269,0.43,natural-direction
0.2130357,0.43,natural-direction
0.21795212,0.43,natural-direction
0.24813579,0.43,natural-direction
0.18889648,0.43,natural-direction
0.38202196,0.43,natural-direction
0.19488905,0.43,natural-direction
0.1731302,0.43,natural-direction
0.26577598,0.43,natural-direction
0.15736426,0.43,natural-direction
0.12776859,0.43,natural-direction
0.2395722,0.43,natural-direction
0.15672725,0.43,natural-direction
0.3637079,0.43,natural-direction
0.23027006,0.43,natural-direction
0.1768142,0.43,natural-direction
0.24370539,0.43,natural-direction
0.11349689,0.43,natural-direction
0.2010408,0.43,natural-direction
0.5554366,0.43,natural-direction
0.15344334,0.43,natural-direction
0.23428729,0.43,natural-direction
0.20432767,0.43,natural-direction
0.18453956,0.43,natural-direction
0.23653576,0.43,natural-direction
0.1425668,0.43,natural-direction
0.22843684,0.43,natural-direction
0.20984013,0.43,natural-direction
0.2501479,0.43,natural-direction
0.29211265,0.43,natural-direction
0.2555577,0.43,natural-direction
0.21632028,0.43,natural-direction
0.21158385,0.43,natural-direction
0.15647994,0.43,natural-direction
0.15653434,0.43,natural-direction
0.1636122,0.43,natural-direction
0.22437826,0.43,natural-direction
0.21837796,0.43,natural-direction
0.28380936,0.43,natural-direction
0.1051963,0.43,natural-direction
0.20744245,0.43,natural-direction
0.34332043,0.43,natural-direction
0.24357116,0.43,natural-direction
0.17635366,0.43,natural-direction
0.28112596,0.43,natural-direction
0.45053586,0.43,natural-direction
0.6133735,0.43,natural-direction
0.14389767,0.43,natural-direction
0.27170047,0.43,natural-direction
0.114240184,0.43,natural-direction
0.61080486,0.43,natural-direction
0.2649978,0.43,natural-direction
0.36710182,0.43,natural-direction
0.2563262,0.43,natural-direction
0.22176377,0.43,natural-direction
0.18188393,0.43,natural-direction
0.21013272,0.43,natural-direction
0.17286287,0.43,natural-direction
0.14330873,0.43,natural-direction
0.9777036,0.43,natural-direction
0.13815847,0.43,natural-direction
0.20488842,0.43,natural-direction
0.2731847,0.43,natural-direction
0.30657777,0.47,natural-direction
0.17167814,0.47,natural-direction
0.1759282,0.47,natural-direction
0.14771372,0.47,natural-direction
0.27711707,0.47,natural-direction
0.673893,0.47,natural-direction
0.30366102,0.47,natural-direction
0.34321794,0.47,natural-direction
0.22672673,0.47,natural-direction
1.0779368,0.47,natural-direction
0.2723823,0.47,natural-direction
0.20747484,0.47,natural-direction
0.25650844,0.47,natural-direction
0.4199545,0.47,natural-direction
0.21405433,0.47,natural-direction
0.2920986,0.47,natural-direction
0.25972515,0.47,natural-direction
0.14017421,0.47,natural-direction
0.22440538,0.47,natural-direction
0.23730995,0.47,natural-direction
0.25071877,0.47,natural-direction
0.32074082,0.47,natural-direction
0.21902916,0.47,natural-direction
0.17315602,0.47,natural-direction
0.2546119,0.47,natural-direction
0.17428245,0.47,natural-direction
0.171888,0.47,natural-direction
0.39956245,0.47,natural-direction
0.252794,0.47,natural-direction
0.19399157,0.47,natural-direction
0.124653295,0.47,natural-direction
0.1971484,0.47,natural-direction
0.23401065,0.47,natural-direction
0.28174862,0.47,natural-direction
0.25733882,0.47,natural-direction
0.23206171,0.47,natural-direction
0.33462816,0.47,natural-direction
0.18984734,0.47,natural-direction
0.18994306,0.47,natural-direction
0.23945948,0.47,natural-direction
0.24344416,0.47,natural-direction
0.2023132,0.47,natural-direction
0.22485228,0.47,natural-direction
0.11540611,0.47,natural-direction
0.17178445,0.47,natural-direction
0.40317658,0.47,natural-direction
0.27503282,0.47,natural-direction
0.23060833,0.47,natural-direction
0.4955525,0.47,natural-direction
0.3775915,0.47,natural-direction
0.23087555,0.47,natural-direction
0.17978379,0.47,natural-direction
0.31177282,0.47,natural-direction
0.26339683,0.47,natural-direction
0.67168784,0.47,natural-direction
0.15653548,0.47,natural-direction
0.309177,0.47,natural-direction
0.1998623,0.47,natural-direction
0.1685097,0.47,natural-direction
0.20056917,0.47,natural-direction
0.22089761,0.47,natural-direction
0.61380166,0.47,natural-direction
0.19356482,0.47,natural-direction
0.31862032,0.47,natural-direction
0.29117498,0.47,natural-direction
0.13533334,0.47,natural-direction
0.15737453,0.47,natural-direction
0.26751024,0.47,natural-direction
0.15797919,0.47,natural-direction
0.24656956,0.47,natural-direction
0.26748112,0.47,natural-direction
0.12546796,0.47,natural-direction
0.22776493,0.47,natural-direction
0.2999395,0.47,natural-direction
0.23999949,0.47,natural-direction
0.29864553,0.47,natural-direction
0.2802486,0.47,natural-direction
0.17194614,0.47,natural-direction
0.20753455,0.47,natural-direction
0.15178974,0.47,natural-direction
0.18707912,0.51,natural-direction
0.30171436,0.51,natural-direction
0.67298555,0.51,natural-direction
0.21478072,0.51,natural-direction
0.3338438,0.51,natural-direction
0.1526581,0.51,natural-direction
0.3493778,0.51,natural-direction
0.21848452,0.51,natural-direction
0.23866515,0.51,natural-direction
0.7345884,0.51,natural-direction
0.2730488,0.51,natural-direction
0.43532532,0.51,natural-direction
0.14755002,0.51,natural-direction
0.27700806,0.51,natural-direction
0.19002758,0.51,natural-direction
0.4580226,0.51,natural-direction
0.22602224,0.51,natural-direction
0.29676685,0.51,natural-direction
0.2470312,0.51,natural-direction
0.31844172,0.51,natural-direction
0.33083275,0.51,natural-direction
0.27526426,0.51,natural-direction
0.19162373,0.51,natural-direction
0.54098165,0.51,natural-direction
0.28282577,0.51,natural-direction
0.36427346,0.51,natural-direction
0.17054008,0.51,natural-direction
0.21784979,0.51,natural-direction
0.26180294,0.51,natural-direction
0.16084072,0.51,natural-direction
0.28717482,0.51,natural-direction
0.13664559,0.51,natural-direction
0.20694278,0.51,natural-direction
0.16535926,0.51,natural-direction
0.31742135,0.51,natural-direction
0.3071413,0.51,natural-direction
0.32562467,0.51,natural-direction
0.34713244,0.51,natural-direction
1.1792995,0.51,natural-direction
0.37453032,0.51,natural-direction
0.25255162,0.51,natural-direction
0.22001086,0.51,natural-direction
0.2332751,0.51,natural-direction
0.28030944,0.51,natural-direction
0.24810392,0.51,natural-direction
0.3372297,0.51,natural-direction
0.26870438,0.51,natural-direction
0.18898284,0.51,natural-direction
0.17207813,0.51,natural-direction
0.24072517,0.51,natural-direction
0.21079586,0.51,natural-direction
0.2914084,0.51,natural-direction
0.13577747,0.51,natural-direction
0.73260874,0.51,natural-direction
0.291329,0.51,natural-direction
0.21118066,0.51,natural-direction
0.33978876,0.51,natural-direction
0.18698871,0.51,natural-direction
0.30000636,0.51,natural-direction
0.25140104,0.51,natural-direction
0.18740067,0.51,natural-direction
0.41181883,0.51,natural-direction
0.25153908,0.51,natural-direction
0.12564322,0.51,natural-direction
0.18710668,0.51,natural-direction
0.19594903,0.51,natural-direction
0.183599,0.51,natural-direction
0.2068247,0.51,natural-direction
0.25824997,0.51,natural-direction
0.24488828,0.51,natural-direction
0.24452841,0.51,natural-direction
0.17157097,0.51,natural-direction
0.43924564,0.51,natural-direction
0.26517344,0.51,natural-direction
0.25515506,0.51,natural-direction
0.2610062,0.51,natural-direction
0.2794274,0.51,natural-direction
0.3267432,0.51,natural-direction
0.22601743,0.51,natural-direction
0.30483577,0.51,natural-direction
0.20250246,0.55,natural-direction
0.36107394,0.55,natural-direction
0.32632083,0.55,natural-direction
0.3576565,0.55,natural-direction
0.49631485,0.55,natural-direction
0.79584503,0.55,natural-direction
0.2792136,0.55,natural-direction
0.34483737,0.55,natural-direction
0.26731145,0.55,natural-direction
0.29542467,0.55,natural-direction
0.20588556,0.55,natural-direction
0.47113943,0.55,natural-direction
0.2583546,0.55,natural-direction
0.36770728,0.55,natural-direction
0.793835,0.55,natural-direction
1.2822088,0.55,natural-direction
0.30594733,0.55,natural-direction
0.16517185,0.55,natural-direction
0.22407986,0.55,natural-direction
0.31099674,0.55,natural-direction
0.20199905,0.55,natural-direction
0.30327165,0.55,natural-direction
0.3654765,0.55,natural-direction
0.29786918,0.55,natural-direction
0.22838087,0.55,natural-direction
0.3152445,0.55,natural-direction
0.2908431,0.55,natural-direction
0.19865166,0.55,natural-direction
0.23238347,0.55,natural-direction
0.18611689,0.55,natural-direction
0.7330449,0.55,natural-direction
0.26061058,0.55,natural-direction
0.37575707,0.55,natural-direction
0.31543544,0.55,natural-direction
0.14694981,0.55,natural-direction
0.22801344,0.55,natural-direction
0.28701308,0.55,natural-direction
0.34362397,0.55,natural-direction
0.32508442,0.55,natural-direction
0.2721076,0.55,natural-direction
0.20282376,0.55,natural-direction
0.44602913,0.55,natural-direction
0.37804875,0.55,natural-direction
0.32934287,0.55,natural-direction
0.2721584,0.55,natural-direction
0.13589577,0.55,natural-direction
0.15980077,0.55,natural-direction
0.2048788,0.55,natural-direction
0.2993396,0.55,natural-direction
0.27625293,0.55,natural-direction
0.26471213,0.55,natural-direction
0.23784465,0.55,natural-direction
0.26469198,0.55,natural-direction
0.33255315,0.55,natural-direction
0.21208514,0.55,natural-direction
0.4751716,0.55,natural-direction
0.28272626,0.55,natural-direction
0.2236763,0.55,natural-direction
0.17399009,0.55,natural-direction
0.18573126,0.55,natural-direction
0.24451096,0.55,natural-direction
0.28360465,0.55,natural-direction
0.23579651,0.55,natural-direction
0.18448396,0.55,natural-direction
0.39399865,0.55,natural-direction
0.4057293,0.55,natural-direction
0.5869775,0.55,natural-direction
0.20724015,0.55,natural-direction
0.25259688,0.55,natural-direction
0.30239648,0.55,natural-direction
0.24466793,0.55,natural-direction
0.321188,0.55,natural-direction
0.20236667,0.55,natural-direction
0.23637964,0.55,natural-direction
0.35356227,0.55,natural-direction
0.27312395,0.55,natural-direction
0.2685007,0.55,natural-direction
0.1478464,0.55,natural-direction
0.35258976,0.55,natural-direction
0.17892188,0.55,natural-direction
0.38799223,0.59,natural-direction
0.21794125,0.59,natural-direction
0.27797878,0.59,natural-direction
0.24127693,0.59,natural-direction
0.22081584,0.59,natural-direction
0.28890324,0.59,natural-direction
1.3866088,0.59,natural-direction
0.40443528,0.59,natural-direction
0.8553217,0.59,natural-direction
0.3347029,0.59,natural-direction
0.3843638,0.59,natural-direction
0.3579257,0.59,natural-direction
0.63310385,0.59,natural-direction
0.15808253,0.59,natural-direction
0.85723996,0.59,natural-direction
0.32159433,0.59,natural-direction
0.35099542,0.59,natural-direction
0.4370436,0.59,natural-direction
0.25423658,0.59,natural-direction
0.30533642,0.59,natural-direction
0.2282321,0.59,natural-direction
0.29363874,0.59,natural-direction
0.3394934,0.59,natural-direction
0.31777528,0.59,natural-direction
0.29275367,0.59,natural-direction
0.4237468,0.59,natural-direction
0.1984628,0.59,natural-direction
0.17203593,0.59,natural-direction
0.18720452,0.59,natural-direction
0.22165568,0.59,natural-direction
0.32615528,0.59,natural-direction
0.32517457,0.59,natural-direction
0.2719877,0.59,natural-direction
0.24061935,0.59,natural-direction
0.26330787,0.59,natural-direction
0.34562236,0.59,natural-direction
0.5070576,0.59,natural-direction
0.30455503,0.59,natural-direction
0.2876023,0.59,natural-direction
0.21705894,0.59,natural-direction
0.3205437,0.59,natural-direction
0.37131032,0.59,natural-direction
0.32907498,0.59,natural-direction
0.17771848,0.59,natural-direction
0.2556692,0.59,natural-direction
0.25004423,0.59,natural-direction
0.2973749,0.59,natural-direction
0.5348718,0.59,natural-direction
0.2928171,0.59,natural-direction
0.30029893,0.59,natural-direction
0.3393088,0.59,natural-direction
0.21764643,0.59,natural-direction
0.3538644,0.59,natural-direction
0.21368833,0.59,natural-direction
0.2805514,0.59,natural-direction
0.4068877,0.59,natural-direction
0.3938759,0.59,natural-direction
0.2001284,0.59,natural-direction
0.1590469,0.59,natural-direction
0.30893815,0.59,natural-direction
0.19990437,0.59,natural-direction
0.379366,0.59,natural-direction
0.79422116,0.59,natural-direction
0.36983046,0.59,natural-direction
0.2228355,0.59,natural-direction
0.35021684,0.59,natural-direction
0.3130488,0.59,natural-direction
0.1461677,0.59,natural-direction
0.24564601,0.59,natural-direction
0.2538576,0.59,natural-direction
0.1923594,0.59,natural-direction
0.26306328,0.59,natural-direction
0.39569724,0.59,natural-direction
0.2452752,0.59,natural-direction
0.2183064,0.59,natural-direction
0.38036293,0.59,natural-direction
0.51090515,0.59,natural-direction
0.284862,0.59,natural-direction
0.28451705,0.59,natural-direction
0.4803497,0.59,natural-direction
0.23340547,0.63,natural-direction
0.28198394,0.63,natural-direction
0.37005144,0.63,natural-direction
0.414914,0.63,natural-direction
0.26754928,0.63,natural-direction
0.37565184,0.63,natural-direction
0.5428504,0.63,natural-direction
0.29760894,0.63,natural-direction
0.313407,0.63,natural-direction
0.855918,0.63,natural-direction
0.20052932,0.63,natural-direction
0.91916144,0.63,natural-direction
0.22875027,0.63,natural-direction
0.18414074,0.63,natural-direction
0.23678443,0.63,natural-direction
0.3043108,0.63,natural-direction
0.33090737,0.63,natural-direction
0.34898838,0.63,natural-direction
0.3184607,0.63,natural-direction
0.30786783,0.63,natural-direction
0.3264365,0.63,natural-direction
0.34378916,0.63,natural-direction
0.23749673,0.63,natural-direction
0.34794188,0.63,natural-direction
0.5734773,0.63,natural-direction
1.4920226,0.63,natural-direction
0.35832152,0.63,natural-direction
0.2585785,0.63,natural-direction
0.16921198,0.63,natural-direction
0.19024302,0.63,natural-direction
0.37548587,0.63,natural-direction
0.29145205,0.63,natural-direction
0.41097966,0.63,natural-direction
0.23835276,0.63,natural-direction
0.67956966,0.63,natural-direction
0.43578765,0.63,natural-direction
0.21242236,0.63,natural-direction
0.46836627,0.63,natural-direction
0.34018356,0.63,natural-direction
0.45364282,0.63,natural-direction
0.3833195,0.63,natural-direction
0.23189327,0.63,natural-direction
0.31352848,0.63,natural-direction
0.4237097,0.63,natural-direction
0.34325334,0.63,natural-direction
0.26296175,0.63,natural-direction
0.39782786,0.63,natural-direction
0.32143614,0.63,natural-direction
0.25753373,0.63,natural-direction
0.3522543,0.63,natural-direction
0.17017597,0.63,natural-direction
0.4060685,0.63,natural-direction
0.4224463,0.63,natural-direction
0.43323612,0.63,natural-direction
0.21410179,0.63,natural-direction
0.30500662,0.63,natural-direction
0.2733829,0.63,natural-direction
0.2330105,0.63,natural-direction
0.24437803,0.63,natural-direction
0.54646033,0.63,natural-direction
0.31422848,0.63,natural-direction
0.30928066,0.63,natural-direction
0.40712866,0.63,natural-direction
0.23378222,0.63,natural-direction
0.51462466,0.63,natural-direction
0.37840554,0.63,natural-direction
0.1564555,0.63,natural-direction
0.27203962,0.63,natural-direction
0.396034,0.63,natural-direction
0.33524537,0.63,natural-direction
0.36346972,0.63,natural-direction
0.26251426,0.63,natural-direction
0.30042976,0.63,natural-direction
0.3270205,0.63,natural-direction
0.91703856,0.63,natural-direction
0.3634473,0.63,natural-direction
0.2720111,0.63,natural-direction
0.21407892,0.63,natural-direction
0.28158417,0.63,natural-direction
0.20567313,0.63,natural-direction
0.24888265,0.68,natural-direction
0.3282362,0.68,natural-direction
1.5983282,0.68,natural-direction
0.44180864,0.68,natural-direction
0.2534228,0.68,natural-direction
0.2849466,0.68,natural-direction
0.3627986,0.68,natural-direction
0.4003227,0.68,natural-direction
0.3172516,0.68,natural-direction
0.45170575,0.68,natural-direction
0.36610013,0.68,natural-direction
0.21393716,0.68,natural-direction
0.2263836,0.68,natural-direction
0.4087401,0.68,natural-direction
0.46201742,0.68,natural-direction
0.4996394,0.68,natural-direction
0.7267632,0.68,natural-direction
0.19623749,0.68,natural-direction
0.43751267,0.68,natural-direction
0.25275314,0.68,natural-direction
0.20278765,0.68,natural-direction
0.98103184,0.68,natural-direction
0.30077845,0.68,natural-direction
0.31088015,0.68,natural-direction
0.38769785,0.68,natural-direction
0.36604688,0.68,natural-direction
0.57867,0.68,natural-direction
0.46463314,0.68,natural-direction
0.33440715,0.68,natural-direction
0.26053113,0.68,natural-direction
0.24835905,0.68,natural-direction
0.32035577,0.68,natural-direction
0.4243353,0.68,natural-direction
0.91848457,0.68,natural-direction
0.3295754,0.68,natural-direction
0.32539785,0.68,natural-direction
0.33941796,0.68,natural-direction
0.3483806,0.68,natural-direction
0.3944219,0.68,natural-direction
0.1804012,0.68,natural-direction
0.61193633,0.68,natural-direction
0.24388653,0.68,natural-direction
0.37196693,0.68,natural-direction
0.1667232,0.68,natural-direction
0.40291622,0.68,natural-direction
0.24925123,0.68,natural-direction
0.4329254,0.68,natural-direction
0.42226097,0.68,natural-direction
0.21895528,0.68,natural-direction
0.2897559,0.68,natural-direction
0.348826,0.68,natural-direction
0.29025465,0.68,natural-direction
0.48377076,0.68,natural-direction
0.25388852,0.68,natural-direction
0.45115826,0.68,natural-direction
0.35753605,0.68,natural-direction
0.2280424,0.68,natural-direction
0.27967894,0.68,natural-direction
0.38755044,0.68,natural-direction
0.9789516,0.68,natural-direction
0.28034538,0.68,natural-direction
0.24658266,0.68,natural-direction
0.5488875,0.68,natural-direction
0.324126,0.68,natural-direction
0.2911422,0.68,natural-direction
0.30020183,0.68,natural-direction
0.22831094,0.68,natural-direction
0.27587932,0.68,natural-direction
0.18130942,0.68,natural-direction
0.38220814,0.68,natural-direction
0.35295776,0.68,natural-direction
0.37549174,0.68,natural-direction
0.33482265,0.68,natural-direction
0.34269616,0.68,natural-direction
0.40081665,0.68,natural-direction
0.3340092,0.68,natural-direction
0.5819558,0.68,natural-direction
0.27445614,0.68,natural-direction
0.43383843,0.68,natural-direction
0.37068874,0.68,natural-direction
0.4687116,0.72,natural-direction
0.2643411,0.72,natural-direction
0.3369464,0.72,natural-direction
0.65055,0.72,natural-direction
0.30273414,0.72,natural-direction
0.3553535,0.72,natural-direction
0.20828672,0.72,natural-direction
0.98222065,0.72,natural-direction
0.39503825,0.72,natural-direction
0.41876584,0.72,natural-direction
0.3485937,0.72,natural-direction
0.3602725,0.72,natural-direction
0.3459867,0.72,natural-direction
0.26935244,0.72,natural-direction
0.3889235,0.72,natural-direction
0.26132014,0.72,natural-direction
0.19159822,0.72,natural-direction
0.27672827,0.72,natural-direction
0.38542303,0.72,natural-direction
0.21537475,0.72,natural-direction
0.22729194,0.72,natural-direction
1.0428233,0.72,natural-direction
0.45098516,0.72,natural-direction
0.29135603,0.72,natural-direction
0.24041575,0.72,natural-direction
0.31962508,0.72,natural-direction
0.5309779,0.72,natural-direction
0.4249939,0.72,natural-direction
0.33027744,0.72,natural-direction
0.46396622,0.72,natural-direction
0.47989416,0.72,natural-direction
0.2687543,0.72,natural-direction
0.37493008,0.72,natural-direction
0.37039158,0.72,natural-direction
0.3884643,0.72,natural-direction
0.61468357,0.72,natural-direction
0.30750793,0.72,natural-direction
0.4801516,0.72,natural-direction
0.30888477,0.72,natural-direction
0.37990633,0.72,natural-direction
1.7055756,0.72,natural-direction
0.354611,0.72,natural-direction
0.774244,0.72,natural-direction
0.40614504,0.72,natural-direction
0.24193749,0.72,natural-direction
0.49346194,0.72,natural-direction
0.29672775,0.72,natural-direction
0.36407703,0.72,natural-direction
0.17700626,0.72,natural-direction
0.39345312,0.72,natural-direction
0.34990552,0.72,natural-direction
0.29778016,0.72,natural-direction
0.41161472,0.72,natural-direction
0.39885372,0.72,natural-direction
0.2931734,0.72,natural-direction
1.0409945,0.72,natural-direction
0.4118696,0.72,natural-direction
0.19241902,0.72,natural-direction
0.34035864,0.72,natural-direction
0.26946917,0.72,natural-direction
0.45988548,0.72,natural-direction
0.25896466,0.72,natural-direction
0.5140465,0.72,natural-direction
0.30848417,0.72,natural-direction
0.42744777,0.72,natural-direction
0.37072632,0.72,natural-direction
0.5831927,0.72,natural-direction
0.46066242,0.72,natural-direction
0.31886575,0.72,natural-direction
0.4908916,0.72,natural-direction
0.42617345,0.72,natural-direction
0.6173644,0.72,natural-direction
0.26371363,0.72,natural-direction
0.24245512,0.72,natural-direction
0.44885153,0.72,natural-direction
0.4340699,0.72,natural-direction
0.35532436,0.72,natural-direction
0.34391862,0.72,natural-direction
0.23218118,0.72,natural-direction
0.2645954,0.72,natural-direction
0.44316205,0.76,natural-direction
0.40804943,0.76,natural-direction
0.35676092,0.76,natural-direction
0.495528,0.76,natural-direction
0.2201,0.76,natural-direction
0.4496359,0.76,natural-direction
0.27977362,0.76,natural-direction
0.41083586,0.76,natural-direction
0.4118817,0.76,natural-direction
0.33854622,0.76,natural-direction
0.41819343,0.76,natural-direction
0.68936616,0.76,natural-direction
0.43009597,0.76,natural-direction
0.50806487,0.76,natural-direction
0.284728,0.76,natural-direction
0.2853679,0.76,natural-direction
0.82252854,0.76,natural-direction
0.368993,0.76,natural-direction
0.20281298,0.76,natural-direction
0.24063596,0.76,natural-direction
0.56244063,0.76,natural-direction
0.28499162,0.76,natural-direction
1.813711,0.76,natural-direction
0.5196828,0.76,natural-direction
0.45927176,0.76,natural-direction
1.1046788,0.76,natural-direction
0.34969807,0.76,natural-direction
0.3082266,0.76,natural-direction
0.47769788,0.76,natural-direction
0.42224768,0.76,natural-direction
0.20351532,0.76,natural-direction
0.32522175,0.76,natural-direction
0.650676,0.76,natural-direction
0.27627376,0.76,natural-direction
0.32666278,0.76,natural-direction
0.25447065,0.76,natural-direction
0.39251536,0.76,natural-direction
0.49048033,0.76,natural-direction
0.31052878,0.76,natural-direction
0.5095017,0.76,natural-direction
0.416044,0.76,natural-direction
0.3702638,0.76,natural-direction
0.43562087,0.76,natural-direction
0.43599367,0.76,natural-direction
0.5223354,0.76,natural-direction
0.38117117,0.76,natural-direction
0.36037627,0.76,natural-direction
0.37510973,0.76,natural-direction
1.0467882,0.76,natural-direction
0.4514478,0.76,natural-direction
0.3855033,0.76,natural-direction
0.37635374,0.76,natural-direction
0.65287536,0.76,natural-direction
0.37582466,0.76,natural-direction
0.2790991,0.76,natural-direction
0.3207275,0.76,natural-direction
0.27412426,0.76,natural-direction
0.36375445,0.76,natural-direction
0.32671055,0.76,natural-direction
0.3666335,0.76,natural-direction
0.3968083,0.76,natural-direction
0.29294327,0.76,natural-direction
1.1029712,0.76,natural-direction
0.25586414,0.76,natural-direction
0.47557464,0.76,natural-direction
0.48688734,0.76,natural-direction
0.40225625,0.76,natural-direction
0.33759513,0.76,natural-direction
0.3926389,0.76,natural-direction
0.31382397,0.76,natural-direction
0.25661454,0.76,natural-direction
0.45200422,0.76,natural-direction
0.61759293,0.76,natural-direction
0.4873097,0.76,natural-direction
0.3153002,0.76,natural-direction
0.18732993,0.76,natural-direction
0.22794412,0.76,natural-direction
0.54441243,0.76,natural-direction
0.2798827,0.76,natural-direction
0.24534154,0.76,natural-direction
0.5224182,0.8,natural-direction
0.2952742,0.8,natural-direction
0.50442433,0.8,natural-direction
0.4309992,0.8,natural-direction
0.3013621,0.8,natural-direction
0.43307215,0.8,natural-direction
0.30080122,0.8,natural-direction
0.2914855,0.8,natural-direction
0.2944371,0.8,natural-direction
0.33872902,0.8,natural-direction
1.1118027,0.8,natural-direction
0.3893804,0.8,natural-direction
0.4146294,0.8,natural-direction
0.21404508,0.8,natural-direction
0.46747562,0.8,natural-direction
0.4385532,0.8,natural-direction
0.43484667,0.8,natural-direction
0.7284112,0.8,natural-direction
0.6868261,0.8,natural-direction
0.8710116,0.8,natural-direction
0.47433186,0.8,natural-direction
0.51695645,0.8,natural-direction
0.26854143,0.8,natural-direction
0.5938795,0.8,natural-direction
0.3280015,0.8,natural-direction
0.34448934,0.8,natural-direction
0.38716465,0.8,natural-direction
0.39637002,0.8,natural-direction
0.41875848,0.8,natural-direction
0.40696743,0.8,natural-direction
0.4020271,0.8,natural-direction
0.39560372,0.8,natural-direction
0.45403162,0.8,natural-direction
0.5512886,0.8,natural-direction
0.35755327,0.8,natural-direction
0.3765465,0.8,natural-direction
0.39737758,0.8,natural-direction
0.1976898,0.8,natural-direction
0.23205987,0.8,natural-direction
0.36915508,0.8,natural-direction
0.38377175,0.8,natural-direction
0.24047115,0.8,natural-direction
0.2951587,0.8,natural-direction
0.44131878,0.8,natural-direction
0.39054194,0.8,natural-direction
0.50222063,0.8,natural-direction
0.574888,0.8,natural-direction
0.28931484,0.8,natural-direction
0.2698325,0.8,natural-direction
0.25399694,0.8,natural-direction
0.48454148,0.8,natural-direction
0.33095458,0.8,natural-direction
1.164944,0.8,natural-direction
0.3429064,0.8,natural-direction
0.53631246,0.8,natural-direction
0.65200263,0.8,natural-direction
1.1669061,0.8,natural-direction
0.53900766,0.8,natural-direction
0.25846896,0.8,natural-direction
0.47676736,0.8,natural-direction
0.5138156,0.8,natural-direction
0.688337,0.8,natural-direction
0.5139292,0.8,natural-direction
0.41459388,0.8,natural-direction
0.21464457,0.8,natural-direction
1.923127,0.8,natural-direction
0.30049047,0.8,natural-direction
0.44565555,0.8,natural-direction
0.32520312,0.8,natural-direction
0.30921936,0.8,natural-direction
0.33285677,0.8,natural-direction
0.45997176,0.8,natural-direction
0.4597342,0.8,natural-direction
0.3804727,0.8,natural-direction
0.2707489,0.8,natural-direction
0.42468333,0.8,natural-direction
0.34492356,0.8,natural-direction
0.5483152,0.8,natural-direction
0.4765709,0.8,natural-direction
0.35654297,0.8,natural-direction
