Dz,Dx,method
0.01,0.0036325785,random-direction
0.01,0.003173282,random-direction
0.01,0.006207386,random-direction
0.01,0.00285177,random-direction
0.01,0.004199554,random-direction
0.01,0.004253111,random-direction
0.01,0.0035879004,random-direction
0.01,0.0038874466,random-direction
0.01,0.0042438926,random-direction
0.01,0.0027325798,random-direction
0.01,0.004592375,random-direction
0.01,0.0034238757,random-direction
0.01,0.0036828306,random-direction
0.01,0.0046763076,random-direction
0.01,0.004931057,random-direction
0.01,0.004209638,random-direction
0.01,0.003171655,random-direction
0.01,0.00802962,random-direction
0.01,0.0040092184,random-direction
0.01,0.0026550412,random-direction
0.01,0.00454839,random-direction
0.01,0.004226339,random-direction
0.01,0.002453535,random-direction
0.01,0.0048744446,random-direction
0.01,0.0033158888,random-direction
0.01,0.0034123894,random-direction
0.01,0.00448176,random-direction
0.01,0.003371661,random-direction
0.01,0.005040479,random-direction
0.01,0.0042758654,random-direction
0.01,0.0034257253,random-direction
0.01,0.0037262272,random-direction
0.01,0.0048438436,random-direction
0.01,0.003547993,random-direction
0.01,0.0035822664,random-direction
0.01,0.004234747,random-direction
0.01,0.0027036453,random-direction
0.01,0.0048409337,random-direction
0.01,0.0052981684,random-direction
0.01,0.006211266,random-direction
0.01,0.0028160072,random-direction
0.01,0.0037319236,random-direction
0.01,0.0041329227,random-direction
0.01,0.0033484057,random-direction
0.01,0.005121406,random-direction
0.01,0.004808469,random-direction
0.01,0.0029274109,random-direction
0.01,0.002735042,random-direction
0.01,0.0040629404,random-direction
0.01,0.0029069663,random-direction
0.01,0.0027762267,random-direction
0.01,0.003547845,random-direction
0.01,0.004120165,random-direction
0.01,0.0034479268,random-direction
0.01,0.0034585297,random-direction
0.01,0.004608701,random-direction
0.01,0.003389302,random-direction
0.01,0.004412964,random-direction
0.01,0.0034489925,random-direction
0.01,0.0046693794,random-direction
0.01,0.0034934538,random-direction
0.01,0.0036054463,random-direction
0.01,0.0053605232,random-direction
0.01,0.002660039,random-direction
0.01,0.00359436,random-direction
0.01,0.004588959,random-direction
0.01,0.0043769414,random-direction
0.01,0.003667045,random-direction
0.01,0.0035172317,random-direction
0.01,0.0030420048,random-direction
0.01,0.0077653886,random-direction
0.01,0.0035176366,random-direction
0.01,0.0021588611,random-direction
0.01,0.004760273,random-direction
0.01,0.006641496,random-direction
0.01,0.0036095157,random-direction
0.01,0.0044459878,random-direction
0.01,0.005356063,random-direction
0.01,0.0050762584,random-direction
0.01,0.0040278765,random-direction
0.01,0.0025989795,random-direction
0.01,0.0036601536,random-direction
0.01,0.0033057418,random-direction
0.01,0.0034657358,random-direction
0.01,0.0043948805,random-direction
0.01,0.0035420645,random-direction
0.01,0.0036762122,random-direction
0.01,0.0045802454,random-direction
0.01,0.003295017,random-direction
0.01,0.004282712,random-direction
0.01,0.004699058,random-direction
0.01,0.004767093,random-direction
0.01,0.0049480926,random-direction
0.01,0.0049538193,random-direction
0.01,0.0033554672,random-direction
0.01,0.0035467371,random-direction
0.01,0.0040298416,random-direction
0.01,0.0055314554,random-direction
0.01,0.0036303836,random-direction
0.01,0.005109479,random-direction
0.01,0.0055558244,random-direction
0.01,0.003538785,random-direction
0.01,0.0027853784,random-direction
0.01,0.0037488532,random-direction
0.01,0.0039061974,random-direction
0.01,0.0044533843,random-direction
0.01,0.0050170487,random-direction
0.01,0.0033716194,random-direction
0.01,0.0036809507,random-direction
0.01,0.0045471448,random-direction
0.01,0.0032731097,random-direction
0.01,0.0038962308,random-direction
0.01,0.004491253,random-direction
0.01,0.003989345,random-direction
0.01,0.0037269183,random-direction
0.01,0.0042640823,random-direction
0.01,0.0031429734,random-direction
0.01,0.0030810847,random-direction
0.01,0.0031297128,random-direction
0.01,0.0040901722,random-direction
0.05,0.026557978,random-direction
0.05,0.0210561,random-direction
0.05,0.023025583,random-direction
0.05,0.019288298,random-direction
0.05,0.01929434,random-direction
0.05,0.015528994,random-direction
0.05,0.023196962,random-direction
0.05,0.015679099,random-direction
0.05,0.024903957,random-direction
0.05,0.017484875,random-direction
0.05,0.022334278,random-direction
0.05,0.015696332,random-direction
0.05,0.013259886,random-direction
0.05,0.026291877,random-direction
0.05,0.017840061,random-direction
0.05,0.019293115,random-direction
0.05,0.02888764,random-direction
0.05,0.027167264,random-direction
0.05,0.02347508,random-direction
0.05,0.01427563,random-direction
0.05,0.0100610405,random-direction
0.05,0.02387267,random-direction
0.05,0.018701732,random-direction
0.05,0.019294083,random-direction
0.05,0.02602772,random-direction
0.05,0.01892754,random-direction
0.05,0.0244326,random-direction
0.05,0.021870486,random-direction
0.05,0.021787232,random-direction
0.05,0.018769752,random-direction
0.05,0.02065539,random-direction
0.05,0.01682591,random-direction
0.05,0.017357029,random-direction
0.05,0.016603326,random-direction
0.05,0.01745106,random-direction
0.05,0.018038686,random-direction
0.05,0.017745374,random-direction
0.05,0.018566985,random-direction
0.05,0.029459601,random-direction
0.05,0.027400713,random-direction
0.05,0.01964869,random-direction
0.05,0.015875297,random-direction
0.05,0.029020224,random-direction
0.05,0.020340875,random-direction
0.05,0.018560294,random-direction
0.05,0.02479906,random-direction
0.05,0.015586488,random-direction
0.05,0.018969882,random-direction
0.05,0.034646887,random-direction
0.05,0.01832903,random-direction
0.05,0.020016275,random-direction
0.05,0.023013374,random-direction
0.05,0.02484905,random-direction
0.05,0.01635158,random-direction
0.05,0.019139605,random-direction
0.05,0.015501825,random-direction
0.05,0.012767149,random-direction
0.05,0.016890055,random-direction
0.05,0.021820977,random-direction
0.05,0.016334346,random-direction
0.05,0.012625232,random-direction
0.05,0.015982311,random-direction
0.05,0.016830036,random-direction
0.05,0.018148012,random-direction
0.05,0.026028076,random-direction
0.05,0.017701264,random-direction
0.05,0.014735942,random-direction
0.05,0.019560084,random-direction
0.05,0.021625321,random-direction
0.05,0.015880255,random-direction
0.05,0.01852265,random-direction
0.05,0.027033601,random-direction
0.05,0.01983763,random-direction
0.05,0.021491807,random-direction
0.05,0.01789867,random-direction
0.05,0.018999299,random-direction
0.05,0.0217367,random-direction
0.05,0.023045005,random-direction
0.05,0.01562079,random-direction
0.05,0.017486269,random-direction
0.05,0.016804256,random-direction
0.05,0.017788704,random-direction
0.05,0.017678186,random-direction
0.05,0.021080455,random-direction
0.05,0.01767601,random-direction
0.05,0.019642238,random-direction
0.05,0.0143142985,random-direction
0.05,0.018654613,random-direction
0.05,0.020002928,random-direction
0.05,0.023812704,random-direction
0.05,0.047335476,random-direction
0.05,0.015056813,random-direction
0.05,0.02158034,random-direction
0.05,0.020419028,random-direction
0.05,0.017258866,random-direction
0.05,0.01774804,random-direction
0.05,0.020710342,random-direction
0.05,0.011294641,random-direction
0.05,0.01863151,random-direction
0.05,0.025256004,random-direction
0.05,0.01485606,random-direction
0.05,0.020279111,random-direction
0.05,0.020060841,random-direction
0.05,0.022967096,random-direction
0.05,0.022975516,random-direction
0.05,0.03555389,random-direction
0.05,0.024819732,random-direction
0.05,0.020823024,random-direction
0.05,0.027109567,random-direction
0.05,0.017515538,random-direction
0.05,0.025455829,random-direction
0.05,0.019738156,random-direction
0.05,0.014609469,random-direction
0.05,0.019923758,random-direction
0.05,0.02733562,random-direction
0.05,0.021552201,random-direction
0.05,0.021215787,random-direction
0.05,0.022643052,random-direction
0.05,0.016935633,random-direction
0.05,0.024293145,random-direction
0.09,0.044820108,random-direction
0.09,0.028318305,random-direction
0.09,0.06519817,random-direction
0.09,0.031782005,random-direction
0.09,0.061287977,random-direction
0.09,0.034957558,random-direction
0.09,0.032484382,random-direction
0.09,0.030123334,random-direction
0.09,0.037759244,random-direction
0.09,0.03443812,random-direction
0.09,0.03751705,random-direction
0.09,0.03602227,random-direction
0.09,0.039906822,random-direction
0.09,0.04123694,random-direction
0.09,0.0345538,random-direction
0.09,0.046474494,random-direction
0.09,0.032150947,random-direction
0.09,0.02667189,random-direction
0.09,0.04632351,random-direction
0.09,0.035762563,random-direction
0.09,0.048377655,random-direction
0.09,0.043758105,random-direction
0.09,0.04216215,random-direction
0.09,0.029375095,random-direction
0.09,0.035114534,random-direction
0.09,0.028888002,random-direction
0.09,0.020985875,random-direction
0.09,0.028360317,random-direction
0.09,0.038400088,random-direction
0.09,0.027098322,random-direction
0.09,0.03410789,random-direction
0.09,0.037959944,random-direction
0.09,0.033476,random-direction
0.09,0.047330946,random-direction
0.09,0.03472723,random-direction
0.09,0.031758092,random-direction
0.09,0.04075546,random-direction
0.09,0.032410346,random-direction
0.09,0.029954175,random-direction
0.09,0.034392018,random-direction
0.09,0.031976365,random-direction
0.09,0.04302341,random-direction
0.09,0.034170024,random-direction
0.09,0.03715353,random-direction
0.09,0.028117716,random-direction
0.09,0.054344434,random-direction
0.09,0.017383177,random-direction
0.09,0.034581453,random-direction
0.09,0.055110652,random-direction
0.09,0.051587194,random-direction
0.09,0.046946406,random-direction
0.09,0.027112821,random-direction
0.09,0.04222292,random-direction
0.09,0.032135315,random-direction
0.09,0.025274742,random-direction
0.09,0.03177934,random-direction
0.09,0.03362403,random-direction
0.09,0.0449074,random-direction
0.09,0.055339206,random-direction
0.09,0.032325998,random-direction
0.09,0.03654475,random-direction
0.09,0.06969121,random-direction
0.09,0.048945148,random-direction
0.09,0.036628034,random-direction
0.09,0.030012304,random-direction
0.09,0.025491655,random-direction
0.09,0.039348323,random-direction
0.09,0.03440297,random-direction
0.09,0.035711605,random-direction
0.09,0.030698314,random-direction
0.09,0.049675412,random-direction
0.09,0.037008274,random-direction
0.09,0.033047725,random-direction
0.09,0.04208041,random-direction
0.09,0.034447435,random-direction
0.09,0.027879465,random-direction
0.09,0.034220546,random-direction
0.09,0.028437551,random-direction
0.09,0.03530475,random-direction
0.09,0.042190794,random-direction
0.09,0.03683115,random-direction
0.09,0.02749991,random-direction
0.09,0.05073729,random-direction
0.09,0.04048851,random-direction
0.09,0.043865416,random-direction
0.09,0.029938508,random-direction
0.09,0.032811802,random-direction
0.09,0.029749101,random-direction
0.09,0.023416651,random-direction
0.09,0.037563063,random-direction
0.09,0.024379607,random-direction
0.09,0.032992337,random-direction
0.09,0.03562891,random-direction
0.09,0.035892762,random-direction
0.09,0.041440748,random-direction
0.09,0.03784091,random-direction
0.09,0.0492537,random-direction
0.09,0.04145165,random-direction
0.09,0.039417557,random-direction
0.09,0.032749303,random-direction
0.09,0.040647116,random-direction
0.09,0.04839287,random-direction
0.09,0.036385052,random-direction
0.09,0.030337539,random-direction
0.09,0.040769618,random-direction
0.09,0.04726524,random-direction
0.09,0.03709052,random-direction
0.09,0.03490943,random-direction
0.09,0.02979138,random-direction
0.09,0.0440256,random-direction
0.09,0.034731343,random-direction
0.09,0.035029422,random-direction
0.09,0.031505205,random-direction
0.09,0.03212373,random-direction
0.09,0.05189263,random-direction
0.09,0.050072324,random-direction
0.09,0.027441666,random-direction
0.09,0.024246871,random-direction
0.09,0.04515097,random-direction
0.09,0.03882287,random-direction
0.13,0.05985268,random-direction
0.13,0.03635185,random-direction
0.13,0.060767185,random-direction
0.13,0.049074404,random-direction
0.13,0.0656235,random-direction
0.13,0.05316285,random-direction
0.13,0.06422459,random-direction
0.13,0.03370997,random-direction
0.13,0.047176458,random-direction
0.13,0.057161815,random-direction
0.13,0.068794735,random-direction
0.13,0.054195672,random-direction
0.13,0.048444755,random-direction
0.13,0.051603824,random-direction
0.13,0.05794674,random-direction
0.13,0.056278497,random-direction
0.13,0.0475831,random-direction
0.13,0.06578933,random-direction
0.13,0.059557926,random-direction
0.13,0.040244598,random-direction
0.13,0.04819303,random-direction
0.13,0.0455701,random-direction
0.13,0.047109254,random-direction
0.13,0.038917042,random-direction
0.13,0.04456953,random-direction
0.13,0.046831496,random-direction
0.13,0.05760931,random-direction
0.13,0.034163658,random-direction
0.13,0.061799727,random-direction
0.13,0.043294795,random-direction
0.13,0.07729324,random-direction
0.13,0.06367631,random-direction
0.13,0.05004566,random-direction
0.13,0.05011469,random-direction
0.13,0.07042897,random-direction
0.13,0.030222574,random-direction
0.13,0.05996908,random-direction
0.13,0.04943837,random-direction
0.13,0.043805797,random-direction
0.13,0.05329738,random-direction
0.13,0.053700246,random-direction
0.13,0.05209803,random-direction
0.13,0.09143384,random-direction
0.13,0.04818967,random-direction
0.13,0.04680612,random-direction
0.13,0.045006562,random-direction
0.13,0.08645251,random-direction
0.13,0.06284519,random-direction
0.13,0.040612362,random-direction
0.13,0.046623066,random-direction
0.13,0.05281641,random-direction
0.13,0.052045353,random-direction
0.13,0.05164523,random-direction
0.13,0.05612483,random-direction
0.13,0.039371844,random-direction
0.13,0.053054046,random-direction
0.13,0.05863952,random-direction
0.13,0.043305047,random-direction
0.13,0.06865494,random-direction
0.13,0.046673205,random-direction
0.13,0.043212213,random-direction
0.13,0.058304302,random-direction
0.13,0.09570953,random-direction
0.13,0.049815226,random-direction
0.13,0.043677516,random-direction
0.13,0.06806073,random-direction
0.13,0.052340917,random-direction
0.13,0.049352307,random-direction
0.13,0.06634113,random-direction
0.13,0.056381565,random-direction
0.13,0.100151636,random-direction
0.13,0.05636239,random-direction
0.13,0.043039583,random-direction
0.13,0.05368684,random-direction
0.13,0.057622217,random-direction
0.13,0.0409582,random-direction
0.13,0.045283504,random-direction
0.13,0.07298869,random-direction
0.13,0.03865992,random-direction
0.13,0.052953172,random-direction
0.13,0.057147093,random-direction
0.13,0.04517565,random-direction
0.13,0.047610704,random-direction
0.13,0.03634449,random-direction
0.13,0.038793545,random-direction
0.13,0.066395305,random-direction
0.13,0.04631081,random-direction
0.13,0.048291508,random-direction
0.13,0.05504617,random-direction
0.13,0.04561718,random-direction
0.13,0.052468073,random-direction
0.13,0.069605194,random-direction
0.13,0.05224017,random-direction
0.13,0.061223246,random-direction
0.13,0.055366598,random-direction
0.13,0.04940625,random-direction
0.13,0.04475727,random-direction
0.13,0.051426828,random-direction
0.13,0.05252493,random-direction
0.13,0.06251442,random-direction
0.13,0.049769845,random-direction
0.13,0.050638773,random-direction
0.13,0.06746782,random-direction
0.13,0.0418918,random-direction
0.13,0.061510902,random-direction
0.13,0.045449965,random-direction
0.13,0.024124209,random-direction
0.13,0.07254648,random-direction
0.13,0.056744624,random-direction
0.13,0.039537247,random-direction
0.13,0.048139393,random-direction
0.13,0.065809704,random-direction
0.13,0.06552846,random-direction
0.13,0.07115192,random-direction
0.13,0.042194985,random-direction
0.13,0.053764958,random-direction
0.13,0.04605083,random-direction
0.13,0.043550212,random-direction
0.13,0.063660756,random-direction
0.13,0.057764966,random-direction
0.18,0.077484384,random-direction
0.18,0.1302223,random-direction
0.18,0.08911541,random-direction
0.18,0.06940218,random-direction
0.18,0.07770759,random-direction
0.18,0.10838236,random-direction
0.18,0.057292927,random-direction
0.18,0.057689108,random-direction
0.18,0.04598713,random-direction
0.18,0.07028419,random-direction
0.18,0.06609117,random-direction
0.18,0.099767976,random-direction
0.18,0.059389956,random-direction
0.18,0.1378403,random-direction
0.18,0.0716968,random-direction
0.18,0.0699936,random-direction
0.18,0.04151406,random-direction
0.18,0.06599179,random-direction
0.18,0.0527969,random-direction
0.18,0.060895883,random-direction
0.18,0.071491405,random-direction
0.18,0.08900274,random-direction
0.18,0.059379935,random-direction
0.18,0.079776615,random-direction
0.18,0.07387547,random-direction
0.18,0.08322651,random-direction
0.18,0.066063836,random-direction
0.18,0.07759495,random-direction
0.18,0.056780793,random-direction
0.18,0.055623434,random-direction
0.18,0.06945753,random-direction
0.18,0.07683346,random-direction
0.18,0.06685267,random-direction
0.18,0.05951632,random-direction
0.18,0.05609078,random-direction
0.18,0.06811181,random-direction
0.18,0.05180961,random-direction
0.18,0.07976334,random-direction
0.18,0.06313228,random-direction
0.18,0.072768286,random-direction
0.18,0.04439456,random-direction
0.18,0.090683684,random-direction
0.18,0.05056739,random-direction
0.18,0.09550348,random-direction
0.18,0.079819925,random-direction
0.18,0.05521227,random-direction
0.18,0.06975467,random-direction
0.18,0.06397413,random-direction
0.18,0.07107466,random-direction
0.18,0.06806041,random-direction
0.18,0.06751333,random-direction
0.18,0.06310531,random-direction
0.18,0.08803844,random-direction
0.18,0.05825288,random-direction
0.18,0.036175974,random-direction
0.18,0.058447175,random-direction
0.18,0.059485536,random-direction
0.18,0.06370941,random-direction
0.18,0.07741158,random-direction
0.18,0.07813837,random-direction
0.18,0.078575216,random-direction
0.18,0.07671584,random-direction
0.18,0.06146928,random-direction
0.18,0.06639219,random-direction
0.18,0.06507444,random-direction
0.18,0.05350876,random-direction
0.18,0.097533755,random-direction
0.18,0.081188284,random-direction
0.18,0.059685476,random-direction
0.18,0.057430148,random-direction
0.18,0.09072049,random-direction
0.18,0.059317064,random-direction
0.18,0.07429582,random-direction
0.18,0.06306246,random-direction
0.18,0.06639005,random-direction
0.18,0.058849473,random-direction
0.18,0.048883848,random-direction
0.18,0.070874326,random-direction
0.18,0.08460946,random-direction
0.18,0.058561496,random-direction
0.18,0.07147744,random-direction
0.18,0.05344822,random-direction
0.18,0.05251814,random-direction
0.18,0.085162975,random-direction
0.18,0.08564771,random-direction
0.18,0.072079286,random-direction
0.18,0.07031324,random-direction
0.18,0.060954284,random-direction
0.18,0.11716187,random-direction
0.18,0.06109367,random-direction
0.18,0.08225979,random-direction
0.18,0.059268653,random-direction
0.18,0.057548843,random-direction
0.18,0.06969613,random-direction
0.18,0.05530109,random-direction
0.18,0.08351543,random-direction
0.18,0.07999334,random-direction
0.18,0.07655342,random-direction
0.18,0.087958194,random-direction
0.18,0.07104724,random-direction
0.18,0.081071876,random-direction
0.18,0.06041286,random-direction
0.18,0.07588994,random-direction
0.18,0.057394456,random-direction
0.18,0.065797724,random-direction
0.18,0.051195018,random-direction
0.18,0.05745197,random-direction
0.18,0.048981648,random-direction
0.18,0.086282596,random-direction
0.18,0.07718538,random-direction
0.18,0.07704762,random-direction
0.18,0.055528305,random-direction
0.18,0.065398894,random-direction
0.18,0.073347606,random-direction
0.18,0.046862245,random-direction
0.18,0.08417772,random-direction
0.18,0.061071694,random-direction
0.18,0.078114815,random-direction
0.18,0.047817074,random-direction
0.18,0.08206078,random-direction
0.22,0.089202225,random-direction
0.22,0.09520084,random-direction
0.22,0.076476425,random-direction
0.22,0.1142326,random-direction
0.22,0.11175325,random-direction
0.22,0.05842607,random-direction
0.22,0.09180792,random-direction
0.22,0.06634,random-direction
0.22,0.11369647,random-direction
0.22,0.07738589,random-direction
0.22,0.073204234,random-direction
0.22,0.07738634,random-direction
0.22,0.092857495,random-direction
0.22,0.058728725,random-direction
0.22,0.17528549,random-direction
0.22,0.08609694,random-direction
0.22,0.062382568,random-direction
0.22,0.09270606,random-direction
0.22,0.15647715,random-direction
0.22,0.076222315,random-direction
0.22,0.099344596,random-direction
0.22,0.07175338,random-direction
0.22,0.05029785,random-direction
0.22,0.078106545,random-direction
0.22,0.112628266,random-direction
0.22,0.09738823,random-direction
0.22,0.08223932,random-direction
0.22,0.1125052,random-direction
0.22,0.07053746,random-direction
0.22,0.08387221,random-direction
0.22,0.10706075,random-direction
0.22,0.09435834,random-direction
0.22,0.11356642,random-direction
0.22,0.077792324,random-direction
0.22,0.07111965,random-direction
0.22,0.06675868,random-direction
0.22,0.09034715,random-direction
0.22,0.10570612,random-direction
0.22,0.10346413,random-direction
0.22,0.13512176,random-direction
0.22,0.074193284,random-direction
0.22,0.07696374,random-direction
0.22,0.08514948,random-direction
0.22,0.09641819,random-direction
0.22,0.103356265,random-direction
0.22,0.07521712,random-direction
0.22,0.0594288,random-direction
0.22,0.066843405,random-direction
0.22,0.08448627,random-direction
0.22,0.07805488,random-direction
0.22,0.082803324,random-direction
0.22,0.12846294,random-direction
0.22,0.07004447,random-direction
0.22,0.108971976,random-direction
0.22,0.06566073,random-direction
0.22,0.091858104,random-direction
0.22,0.10243206,random-direction
0.22,0.08359298,random-direction
0.22,0.07721316,random-direction
0.22,0.08524568,random-direction
0.22,0.0848904,random-direction
0.22,0.07763778,random-direction
0.22,0.064305365,random-direction
0.22,0.057659768,random-direction
0.22,0.07096943,random-direction
0.22,0.080628686,random-direction
0.22,0.09638916,random-direction
0.22,0.10409548,random-direction
0.22,0.078103825,random-direction
0.22,0.07929481,random-direction
0.22,0.07497421,random-direction
0.22,0.08267844,random-direction
0.22,0.059078813,random-direction
0.22,0.067467876,random-direction
0.22,0.07565576,random-direction
0.22,0.09248756,random-direction
0.22,0.082533464,random-direction
0.22,0.061964534,random-direction
0.22,0.108414546,random-direction
0.22,0.10831491,random-direction
0.22,0.118967555,random-direction
0.22,0.079509355,random-direction
0.22,0.08231242,random-direction
0.22,0.080515936,random-direction
0.22,0.07992122,random-direction
0.22,0.05211556,random-direction
0.22,0.08837816,random-direction
0.22,0.08083042,random-direction
0.22,0.117822565,random-direction
0.22,0.08336272,random-direction
0.22,0.098507576,random-direction
0.22,0.10640389,random-direction
0.22,0.108069755,random-direction
0.22,0.104383096,random-direction
0.22,0.08312015,random-direction
0.22,0.09015569,random-direction
0.22,0.043028273,random-direction
0.22,0.07570605,random-direction
0.22,0.11236362,random-direction
0.22,0.12224647,random-direction
0.22,0.08593936,random-direction
0.22,0.06630473,random-direction
0.22,0.061063297,random-direction
0.22,0.08581144,random-direction
0.22,0.08907013,random-direction
0.22,0.088477105,random-direction
0.22,0.074271575,random-direction
0.22,0.07395201,random-direction
0.22,0.10555359,random-direction
0.22,0.08730848,random-direction
0.22,0.09194269,random-direction
0.22,0.09423863,random-direction
0.22,0.0605736,random-direction
0.22,0.09318047,random-direction
0.22,0.11306576,random-direction
0.22,0.07151332,random-direction
0.22,0.06861725,random-direction
0.22,0.09217303,random-direction
0.22,0.12785788,random-direction
0.22,0.10803561,random-direction
0.26,0.12222397,random-direction
0.26,0.10145756,random-direction
0.26,0.10065409,random-direction
0.26,0.085228726,random-direction
0.26,0.07281141,random-direction
0.26,0.077377394,random-direction
0.26,0.081465036,random-direction
0.26,0.117965676,random-direction
0.26,0.091147624,random-direction
0.26,0.11223714,random-direction
0.26,0.07625492,random-direction
0.26,0.10072931,random-direction
0.26,0.099574395,random-direction
0.26,0.097837135,random-direction
0.26,0.10456793,random-direction
0.26,0.06851341,random-direction
0.26,0.11748755,random-direction
0.26,0.105824545,random-direction
0.26,0.13499986,random-direction
0.26,0.1091038,random-direction
0.26,0.12393974,random-direction
0.26,0.10865526,random-direction
0.26,0.10743345,random-direction
0.26,0.11041324,random-direction
0.26,0.104297474,random-direction
0.26,0.0775765,random-direction
0.26,0.10689603,random-direction
0.26,0.08050357,random-direction
0.26,0.084719114,random-direction
0.26,0.110115245,random-direction
0.26,0.08495431,random-direction
0.26,0.11250565,random-direction
0.26,0.11373267,random-direction
0.26,0.09735024,random-direction
0.26,0.13164963,random-direction
0.26,0.08244862,random-direction
0.26,0.10227384,random-direction
0.26,0.12852807,random-direction
0.26,0.110472575,random-direction
0.26,0.089503035,random-direction
0.26,0.13871558,random-direction
0.26,0.12752856,random-direction
0.26,0.14326988,random-direction
0.26,0.09952156,random-direction
0.26,0.09113869,random-direction
0.26,0.087109335,random-direction
0.26,0.12415071,random-direction
0.26,0.13122217,random-direction
0.26,0.11820726,random-direction
0.26,0.08248865,random-direction
0.26,0.2565433,random-direction
0.26,0.123237,random-direction
0.26,0.08071103,random-direction
0.26,0.096837685,random-direction
0.26,0.095114104,random-direction
0.26,0.08313565,random-direction
0.26,0.08383923,random-direction
0.26,0.0658054,random-direction
0.26,0.1133855,random-direction
0.26,0.08745534,random-direction
0.26,0.09417947,random-direction
0.26,0.1084594,random-direction
0.26,0.08779461,random-direction
0.26,0.09088326,random-direction
0.26,0.12631257,random-direction
0.26,0.12825146,random-direction
0.26,0.07725619,random-direction
0.26,0.0982178,random-direction
0.26,0.09204779,random-direction
0.26,0.108485356,random-direction
0.26,0.12949805,random-direction
0.26,0.049080748,random-direction
0.26,0.114300705,random-direction
0.26,0.15425871,random-direction
0.26,0.08939282,random-direction
0.26,0.07623728,random-direction
0.26,0.08576017,random-direction
0.26,0.13038078,random-direction
0.26,0.09279453,random-direction
0.26,0.07505047,random-direction
0.26,0.14432575,random-direction
0.26,0.10325937,random-direction
0.26,0.09992163,random-direction
0.26,0.08889775,random-direction
0.26,0.10065527,random-direction
0.26,0.16324718,random-direction
0.26,0.0974806,random-direction
0.26,0.15964624,random-direction
0.26,0.09498633,random-direction
0.26,0.12040627,random-direction
0.26,0.123278245,random-direction
0.26,0.12795557,random-direction
0.26,0.11951222,random-direction
0.26,0.09451552,random-direction
0.26,0.06534233,random-direction
0.26,0.10956256,random-direction
0.26,0.10603492,random-direction
0.26,0.09575578,random-direction
0.26,0.12340555,random-direction
0.26,0.07850061,random-direction
0.26,0.08837759,random-direction
0.26,0.05781106,random-direction
0.26,0.09624544,random-direction
0.26,0.101145014,random-direction
0.26,0.09751379,random-direction
0.26,0.19824609,random-direction
0.26,0.08970147,random-direction
0.26,0.10339899,random-direction
0.26,0.0788569,random-direction
0.26,0.1345941,random-direction
0.26,0.10023011,random-direction
0.26,0.081679,random-direction
0.26,0.11944288,random-direction
0.26,0.063334346,random-direction
0.26,0.10173048,random-direction
0.26,0.103631,random-direction
0.26,0.13829198,random-direction
0.26,0.09312835,random-direction
0.26,0.091778226,random-direction
0.26,0.089865096,random-direction
0.3,0.16426218,random-direction
0.3,0.093707606,random-direction
0.3,0.13212453,random-direction
0.3,0.12268851,random-direction
0.3,0.11315733,random-direction
0.3,0.13954583,random-direction
0.3,0.117300846,random-direction
0.3,0.17162664,random-direction
0.3,0.09031466,random-direction
0.3,0.12918368,random-direction
0.3,0.1655038,random-direction
0.3,0.099470004,random-direction
0.3,0.13720094,random-direction
0.3,0.10321816,random-direction
0.3,0.119391486,random-direction
0.3,0.09979669,random-direction
0.3,0.13883272,random-direction
0.3,0.08762733,random-direction
0.3,0.1146964,random-direction
0.3,0.14222619,random-direction
0.3,0.14727187,random-direction
0.3,0.120168805,random-direction
0.3,0.09829008,random-direction
0.3,0.11207354,random-direction
0.3,0.11901748,random-direction
0.3,0.102589026,random-direction
0.3,0.15086043,random-direction
0.3,0.09949915,random-direction
0.3,0.23601799,random-direction
0.3,0.13007016,random-direction
0.3,0.25123325,random-direction
0.3,0.124129914,random-direction
0.3,0.09759047,random-direction
0.3,0.11959185,random-direction
0.3,0.097455144,random-direction
0.3,0.14483032,random-direction
0.3,0.120567046,random-direction
0.3,0.115385845,random-direction
0.3,0.09906841,random-direction
0.3,0.11975841,random-direction
0.3,0.10809638,random-direction
0.3,0.13214242,random-direction
0.3,0.10328104,random-direction
0.3,0.09575997,random-direction
0.3,0.122193515,random-direction
0.3,0.11482928,random-direction
0.3,0.11103541,random-direction
0.3,0.15620577,random-direction
0.3,0.101430476,random-direction
0.3,0.106000856,random-direction
0.3,0.087826215,random-direction
0.3,0.11595057,random-direction
0.3,0.1029909,random-direction
0.3,0.18043384,random-direction
0.3,0.10605192,random-direction
0.3,0.12640136,random-direction
0.3,0.1346003,random-direction
0.3,0.10981073,random-direction
0.3,0.12655191,random-direction
0.3,0.15001066,random-direction
0.3,0.11419179,random-direction
0.3,0.1013365,random-direction
0.3,0.08505288,random-direction
0.3,0.092834204,random-direction
0.3,0.12396363,random-direction
0.3,0.14350286,random-direction
0.3,0.1072314,random-direction
0.3,0.14134574,random-direction
0.3,0.10399096,random-direction
0.3,0.14166826,random-direction
0.3,0.08624556,random-direction
0.3,0.07329395,random-direction
0.3,0.1366705,random-direction
0.3,0.10824324,random-direction
0.3,0.09925487,random-direction
0.3,0.09294977,random-direction
0.3,0.116112195,random-direction
0.3,0.11625673,random-direction
0.3,0.1553354,random-direction
0.3,0.12741509,random-direction
0.3,0.09578858,random-direction
0.3,0.12779999,random-direction
0.3,0.09718961,random-direction
0.3,0.106216766,random-direction
0.3,0.12493895,random-direction
0.3,0.116475604,random-direction
0.3,0.0766279,random-direction
0.3,0.106473885,random-direction
0.3,0.13538912,random-direction
0.3,0.13698113,random-direction
0.3,0.12179003,random-direction
0.3,0.18113832,random-direction
0.3,0.11262809,random-direction
0.3,0.09840292,random-direction
0.3,0.11237627,random-direction
0.3,0.12496643,random-direction
0.3,0.11509265,random-direction
0.3,0.11107109,random-direction
0.3,0.17539278,random-direction
0.3,0.12532239,random-direction
0.3,0.14584887,random-direction
0.3,0.11955844,random-direction
0.3,0.10355693,random-direction
0.3,0.13650349,random-direction
0.3,0.1115152,random-direction
0.3,0.097764194,random-direction
0.3,0.10817163,random-direction
0.3,0.09908794,random-direction
0.3,0.15788585,random-direction
0.3,0.14016241,random-direction
0.3,0.07991092,random-direction
0.3,0.14082405,random-direction
0.3,0.17439388,random-direction
0.3,0.13130102,random-direction
0.3,0.08337304,random-direction
0.3,0.11760577,random-direction
0.3,0.13988377,random-direction
0.3,0.08285168,random-direction
0.3,0.106917955,random-direction
0.3,0.056342077,random-direction
0.34,0.098545164,random-direction
0.34,0.15861382,random-direction
0.34,0.18522844,random-direction
0.34,0.12827446,random-direction
0.34,0.14976442,random-direction
0.34,0.12775567,random-direction
0.34,0.1467815,random-direction
0.34,0.16196737,random-direction
0.34,0.107175745,random-direction
0.34,0.13197288,random-direction
0.34,0.10871263,random-direction
0.34,0.17129794,random-direction
0.34,0.1517078,random-direction
0.34,0.09644413,random-direction
0.34,0.10660504,random-direction
0.34,0.10178604,random-direction
0.34,0.11828478,random-direction
0.34,0.14652108,random-direction
0.34,0.13972273,random-direction
0.34,0.17085949,random-direction
0.34,0.093557045,random-direction
0.34,0.101288915,random-direction
0.34,0.15571293,random-direction
0.34,0.10564028,random-direction
0.34,0.1426054,random-direction
0.34,0.159183,random-direction
0.34,0.123873785,random-direction
0.34,0.16133946,random-direction
0.34,0.11137082,random-direction
0.34,0.094399914,random-direction
0.34,0.16446814,random-direction
0.34,0.09870753,random-direction
0.34,0.13529429,random-direction
0.34,0.19097076,random-direction
0.34,0.13603331,random-direction
0.34,0.118566796,random-direction
0.34,0.11830306,random-direction
0.34,0.12932971,random-direction
0.34,0.14929637,random-direction
0.34,0.15140748,random-direction
0.34,0.1172719,random-direction
0.34,0.11194792,random-direction
0.34,0.10292234,random-direction
0.34,0.2330896,random-direction
0.34,0.12541795,random-direction
0.34,0.14390661,random-direction
0.34,0.11126737,random-direction
0.34,0.1661731,random-direction
0.34,0.11610763,random-direction
0.34,0.09782722,random-direction
0.34,0.11700453,random-direction
0.34,0.13917488,random-direction
0.34,0.13649756,random-direction
0.34,0.11240194,random-direction
0.34,0.15112339,random-direction
0.34,0.28680766,random-direction
0.34,0.20267157,random-direction
0.34,0.16997357,random-direction
0.34,0.13919075,random-direction
0.34,0.11510541,random-direction
0.34,0.110071406,random-direction
0.34,0.13534242,random-direction
0.34,0.18949121,random-direction
0.34,0.1471644,random-direction
0.34,0.15478563,random-direction
0.34,0.1007065,random-direction
0.34,0.11576716,random-direction
0.34,0.09571065,random-direction
0.34,0.19135867,random-direction
0.34,0.0928815,random-direction
0.34,0.14020018,random-direction
0.34,0.1385006,random-direction
0.34,0.11184263,random-direction
0.34,0.114308596,random-direction
0.34,0.18072821,random-direction
0.34,0.12364572,random-direction
0.34,0.10674491,random-direction
0.34,0.18842652,random-direction
0.34,0.1799948,random-direction
0.34,0.11930404,random-direction
0.34,0.11712615,random-direction
0.34,0.12970072,random-direction
0.34,0.14111054,random-direction
0.34,0.16365285,random-direction
0.34,0.14483157,random-direction
0.34,0.15355465,random-direction
0.34,0.17643078,random-direction
0.34,0.1046618,random-direction
0.34,0.14613906,random-direction
0.34,0.13719666,random-direction
0.34,0.13383214,random-direction
0.34,0.17912354,random-direction
0.34,0.1283867,random-direction
0.34,0.12391988,random-direction
0.34,0.11887489,random-direction
0.34,0.16048825,random-direction
0.34,0.14511113,random-direction
0.34,0.10581671,random-direction
0.34,0.1254352,random-direction
0.34,0.12742424,random-direction
0.34,0.0838833,random-direction
0.34,0.15986392,random-direction
0.34,0.13249849,random-direction
0.34,0.17714494,random-direction
0.34,0.13826048,random-direction
0.34,0.15871337,random-direction
0.34,0.16769853,random-direction
0.34,0.121468626,random-direction
0.34,0.18605506,random-direction
0.34,0.16993108,random-direction
0.34,0.095704,random-direction
0.34,0.119892314,random-direction
0.34,0.12117319,random-direction
0.34,0.14424005,random-direction
0.34,0.09118905,random-direction
0.34,0.1641247,random-direction
0.34,0.09767761,random-direction
0.34,0.07060425,random-direction
0.34,0.18233177,random-direction
0.34,0.11772964,random-direction
0.38,0.11682949,random-direction
0.38,0.13137117,random-direction
0.38,0.13325988,random-direction
0.38,0.18886301,random-direction
0.38,0.12980865,random-direction
0.38,0.14192608,random-direction
0.38,0.2196513,random-direction
0.38,0.10655085,random-direction
0.38,0.18704501,random-direction
0.38,0.15832618,random-direction
0.38,0.084260955,random-direction
0.38,0.16957718,random-direction
0.38,0.10782248,random-direction
0.38,0.19440213,random-direction
0.38,0.14145263,random-direction
0.38,0.17878984,random-direction
0.38,0.15583275,random-direction
0.38,0.12664905,random-direction
0.38,0.18910801,random-direction
0.38,0.14333025,random-direction
0.38,0.14427502,random-direction
0.38,0.13126728,random-direction
0.38,0.17524323,random-direction
0.38,0.13378662,random-direction
0.38,0.13803159,random-direction
0.38,0.18001205,random-direction
0.38,0.15822086,random-direction
0.38,0.11799495,random-direction
0.38,0.16057914,random-direction
0.38,0.122471094,random-direction
0.38,0.19155598,random-direction
0.38,0.15938534,random-direction
0.38,0.17672741,random-direction
0.38,0.14386223,random-direction
0.38,0.15497689,random-direction
0.38,0.18365307,random-direction
0.38,0.15939972,random-direction
0.38,0.12219634,random-direction
0.38,0.14618732,random-direction
0.38,0.1370949,random-direction
0.38,0.18573415,random-direction
0.38,0.13239911,random-direction
0.38,0.13272049,random-direction
0.38,0.14840895,random-direction
0.38,0.102836825,random-direction
0.38,0.17882118,random-direction
0.38,0.20550942,random-direction
0.38,0.1391348,random-direction
0.38,0.12819752,random-direction
0.38,0.13988163,random-direction
0.38,0.17756346,random-direction
0.38,0.18742499,random-direction
0.38,0.1459386,random-direction
0.38,0.094509624,random-direction
0.38,0.12936714,random-direction
0.38,0.15260804,random-direction
0.38,0.14575529,random-direction
0.38,0.18921053,random-direction
0.38,0.13498889,random-direction
0.38,0.19413045,random-direction
0.38,0.13509575,random-direction
0.38,0.16102728,random-direction
0.38,0.120835304,random-direction
0.38,0.13405418,random-direction
0.38,0.12487167,random-direction
0.38,0.1128757,random-direction
0.38,0.14684974,random-direction
0.38,0.16133925,random-direction
0.38,0.23185547,random-direction
0.38,0.13432713,random-direction
0.38,0.117968276,random-direction
0.38,0.16478929,random-direction
0.38,0.24123247,random-direction
0.38,0.14759584,random-direction
0.38,0.1602033,random-direction
0.38,0.13467787,random-direction
0.38,0.11922984,random-direction
0.38,0.15328538,random-direction
0.38,0.12299259,random-direction
0.38,0.09491595,random-direction
0.38,0.16530433,random-direction
0.38,0.12283613,random-direction
0.38,0.21031606,random-direction
0.38,0.1380014,random-direction
0.38,0.15352671,random-direction
0.38,0.10938422,random-direction
0.38,0.20723692,random-direction
0.38,0.17885073,random-direction
0.38,0.14976166,random-direction
0.38,0.21613851,random-direction
0.38,0.14654475,random-direction
0.38,0.10633942,random-direction
0.38,0.106334664,random-direction
0.38,0.122548796,random-direction
0.38,0.13998297,random-direction
0.38,0.13298902,random-direction
0.38,0.1236871,random-direction
0.38,0.09224582,random-direction
0.38,0.1588095,random-direction
0.38,0.16477513,random-direction
0.38,0.11494483,random-direction
0.38,0.15546466,random-direction
0.38,0.14270286,random-direction
0.38,0.13650757,random-direction
0.38,0.17283872,random-direction
0.38,0.15062444,random-direction
0.38,0.21466486,random-direction
0.38,0.13002752,random-direction
0.38,0.27728602,random-direction
0.38,0.30671212,random-direction
0.38,0.22504115,random-direction
0.38,0.18361464,random-direction
0.38,0.13953102,random-direction
0.38,0.09222593,random-direction
0.38,0.14147851,random-direction
0.38,0.17025337,random-direction
0.38,0.14438161,random-direction
0.38,0.17942576,random-direction
0.38,0.16455495,random-direction
0.38,0.14990613,random-direction
0.43,0.15696499,random-direction
0.43,0.14146277,random-direction
0.43,0.16906111,random-direction
0.43,0.14873874,random-direction
0.43,0.16040827,random-direction
0.43,0.14714077,random-direction
0.43,0.15210956,random-direction
0.43,0.20175776,random-direction
0.43,0.13443251,random-direction
0.43,0.18667635,random-direction
0.43,0.18418214,random-direction
0.43,0.12255178,random-direction
0.43,0.38257176,random-direction
0.43,0.13858631,random-direction
0.43,0.1735483,random-direction
0.43,0.13290013,random-direction
0.43,0.113216795,random-direction
0.43,0.176142,random-direction
0.43,0.16880865,random-direction
0.43,0.14615864,random-direction
0.43,0.23188977,random-direction
0.43,0.20458353,random-direction
0.43,0.17580026,random-direction
0.43,0.15035811,random-direction
0.43,0.28679818,random-direction
0.43,0.16535804,random-direction
0.43,0.13420084,random-direction
0.43,0.15895206,random-direction
0.43,0.14988565,random-direction
0.43,0.14842132,random-direction
0.43,0.14056273,random-direction
0.43,0.24960414,random-direction
0.43,0.21363032,random-direction
0.43,0.2098132,random-direction
0.43,0.14688127,random-direction
0.43,0.15470281,random-direction
0.43,0.18054326,random-direction
0.43,0.16460894,random-direction
0.43,0.149312,random-direction
0.43,0.17711286,random-direction
0.43,0.20900789,random-direction
0.43,0.15484585,random-direction
0.43,0.1285788,random-direction
0.43,0.2832909,random-direction
0.43,0.22613402,random-direction
0.43,0.13611993,random-direction
0.43,0.19102904,random-direction
0.43,0.13804276,random-direction
0.43,0.13223252,random-direction
0.43,0.16981272,random-direction
0.43,0.18002898,random-direction
0.43,0.17084073,random-direction
0.43,0.15741828,random-direction
0.43,0.22907957,random-direction
0.43,0.17183705,random-direction
0.43,0.20799033,random-direction
0.43,0.2201041,random-direction
0.43,0.20818648,random-direction
0.43,0.13808087,random-direction
0.43,0.18173505,random-direction
0.43,0.20736738,random-direction
0.43,0.13484639,random-direction
0.43,0.14572969,random-direction
0.43,0.21531019,random-direction
0.43,0.15434623,random-direction
0.43,0.1539954,random-direction
0.43,0.16994675,random-direction
0.43,0.15703478,random-direction
0.43,0.13446763,random-direction
0.43,0.13945195,random-direction
0.43,0.15164368,random-direction
0.43,0.1319327,random-direction
0.43,0.20543292,random-direction
0.43,0.16448483,random-direction
0.43,0.11723496,random-direction
0.43,0.16978838,random-direction
0.43,0.14581206,random-direction
0.43,0.18914178,random-direction
0.43,0.21651395,random-direction
0.43,0.10420179,random-direction
0.43,0.18469505,random-direction
0.43,0.2270389,random-direction
0.43,0.17108573,random-direction
0.43,0.115667544,random-direction
0.43,0.18979225,random-direction
0.43,0.07895033,random-direction
0.43,0.21808262,random-direction
0.43,0.2112573,random-direction
0.43,0.14788347,random-direction
0.43,0.19950123,random-direction
0.43,0.19205053,random-direction
0.43,0.147728,random-direction
0.43,0.12192619,random-direction
0.43,0.11091856,random-direction
0.43,0.23082554,random-direction
0.43,0.16816938,random-direction
0.43,0.31943738,random-direction
0.43,0.17767946,random-direction
0.43,0.17475754,random-direction
0.43,0.16908333,random-direction
0.43,0.10646464,random-direction
0.43,0.1562343,random-direction
0.43,0.13360429,random-direction
0.43,0.19558789,random-direction
0.43,0.18406782,random-direction
0.43,0.1282235,random-direction
0.43,0.13846612,random-direction
0.43,0.14290568,random-direction
0.43,0.21297161,random-direction
0.43,0.11785565,random-direction
0.43,0.13234773,random-direction
0.43,0.22706167,random-direction
0.43,0.17455597,random-direction
0.43,0.14744654,random-direction
0.43,0.17519166,random-direction
0.43,0.16329339,random-direction
0.43,0.16706969,random-direction
0.43,0.12491752,random-direction
0.43,0.18406507,random-direction
0.43,0.18602267,random-direction
0.47,0.16814765,random-direction
0.47,0.17925441,random-direction
0.47,0.20756993,random-direction
0.47,0.13875756,random-direction
0.47,0.1464277,random-direction
0.47,0.19455527,random-direction
0.47,0.22514966,random-direction
0.47,0.19353622,random-direction
0.47,0.19360647,random-direction
0.47,0.20077085,random-direction
0.47,0.19814739,random-direction
0.47,0.17573416,random-direction
0.47,0.18621907,random-direction
0.47,0.17859194,random-direction
0.47,0.12456665,random-direction
0.47,0.15010831,random-direction
0.47,0.20413968,random-direction
0.47,0.15553573,random-direction
0.47,0.16805926,random-direction
0.47,0.1436017,random-direction
0.47,0.26895672,random-direction
0.47,0.2296267,random-direction
0.47,0.18209256,random-direction
0.47,0.2308455,random-direction
0.47,0.1455421,random-direction
0.47,0.114903286,random-direction
0.47,0.15803905,random-direction
0.47,0.17855403,random-direction
0.47,0.3379336,random-direction
0.47,0.20129116,random-direction
0.47,0.23225777,random-direction
0.47,0.19616137,random-direction
0.47,0.14497787,random-direction
0.47,0.19630232,random-direction
0.47,0.20525596,random-direction
0.47,0.20843343,random-direction
0.47,0.19358951,random-direction
0.47,0.28664088,random-direction
0.47,0.2320517,random-direction
0.47,0.15131238,random-direction
0.47,0.17454143,random-direction
0.47,0.16528222,random-direction
0.47,0.19441721,random-direction
0.47,0.19445379,random-direction
0.47,0.17236383,random-direction
0.47,0.1615366,random-direction
0.47,0.16600505,random-direction
0.47,0.14524613,random-direction
0.47,0.19732918,random-direction
0.47,0.1746017,random-direction
0.47,0.14055777,random-direction
0.47,0.17477685,random-direction
0.47,0.27178153,random-direction
0.47,0.2734046,random-direction
0.47,0.20041306,random-direction
0.47,0.16496792,random-direction
0.47,0.23505047,random-direction
0.47,0.20593376,random-direction
0.47,0.20251505,random-direction
0.47,0.14265111,random-direction
0.47,0.13070032,random-direction
0.47,0.15126541,random-direction
0.47,0.16543444,random-direction
0.47,0.16223466,random-direction
0.47,0.14240465,random-direction
0.47,0.22019167,random-direction
0.47,0.16278227,random-direction
0.47,0.22322372,random-direction
0.47,0.21316561,random-direction
0.47,0.21172114,random-direction
0.47,0.1398207,random-direction
0.47,0.21951911,random-direction
0.47,0.19127834,random-direction
0.47,0.13994351,random-direction
0.47,0.33108214,random-direction
0.47,0.23941496,random-direction
0.47,0.15784667,random-direction
0.47,0.15316537,random-direction
0.47,0.19137724,random-direction
0.47,0.19145766,random-direction
0.47,0.23948002,random-direction
0.47,0.23923996,random-direction
0.47,0.110948764,random-direction
0.47,0.20284542,random-direction
0.47,0.16820809,random-direction
0.47,0.21495274,random-direction
0.47,0.19485532,random-direction
0.47,0.22828181,random-direction
0.47,0.08373785,random-direction
0.47,0.21589649,random-direction
0.47,0.123415984,random-direction
0.47,0.1899864,random-direction
0.47,0.1314714,random-direction
0.47,0.14616759,random-direction
0.47,0.13537122,random-direction
0.47,0.1290249,random-direction
0.47,0.1613582,random-direction
0.47,0.22889896,random-direction
0.47,0.17750713,random-direction
0.47,0.16122428,random-direction
0.47,0.1296648,random-direction
0.47,0.14402351,random-direction
0.47,0.23780742,random-direction
0.47,0.16772614,random-direction
0.47,0.17219147,random-direction
0.47,0.16944912,random-direction
0.47,0.18200138,random-direction
0.47,0.16676247,random-direction
0.47,0.20379958,random-direction
0.47,0.20642798,random-direction
0.47,0.17342529,random-direction
0.47,0.19408719,random-direction
0.47,0.22123873,random-direction
0.47,0.2060475,random-direction
0.47,0.1737511,random-direction
0.47,0.38088602,random-direction
0.47,0.16915354,random-direction
0.47,0.18822739,random-direction
0.47,0.13385484,random-direction
0.47,0.19574924,random-direction
0.51,0.17018768,random-direction
0.51,0.1719125,random-direction
0.51,0.1924265,random-direction
0.51,0.16188195,random-direction
0.51,0.23864157,random-direction
0.51,0.20377609,random-direction
0.51,0.1782703,random-direction
0.51,0.14442179,random-direction
0.51,0.13967606,random-direction
0.51,0.13759074,random-direction
0.51,0.3284437,random-direction
0.51,0.23074305,random-direction
0.51,0.20352204,random-direction
0.51,0.2091082,random-direction
0.51,0.2378716,random-direction
0.51,0.17279175,random-direction
0.51,0.15164885,random-direction
0.51,0.16674681,random-direction
0.51,0.12852591,random-direction
0.51,0.19733146,random-direction
0.51,0.17345598,random-direction
0.51,0.1796557,random-direction
0.51,0.4387319,random-direction
0.51,0.19837241,random-direction
0.51,0.22635305,random-direction
0.51,0.17912424,random-direction
0.51,0.24993014,random-direction
0.51,0.18217824,random-direction
0.51,0.23577528,random-direction
0.51,0.17224154,random-direction
0.51,0.41170782,random-direction
0.51,0.19253656,random-direction
0.51,0.21155746,random-direction
0.51,0.14384732,random-direction
0.51,0.21800475,random-direction
0.51,0.17223671,random-direction
0.51,0.19488324,random-direction
0.51,0.16967212,random-direction
0.51,0.23776607,random-direction
0.51,0.16750678,random-direction
0.51,0.20994535,random-direction
0.51,0.15068667,random-direction
0.51,0.18417,random-direction
0.51,0.19794855,random-direction
0.51,0.17907873,random-direction
0.51,0.23104766,random-direction
0.51,0.15708761,random-direction
0.51,0.19253558,random-direction
0.51,0.18289223,random-direction
0.51,0.19353934,random-direction
0.51,0.14304881,random-direction
0.51,0.23302524,random-direction
0.51,0.14863625,random-direction
0.51,0.15316635,random-direction
0.51,0.25403592,random-direction
0.51,0.2154597,random-direction
0.51,0.26273265,random-direction
0.51,0.19854955,random-direction
0.51,0.2778,random-direction
0.51,0.24905713,random-direction
0.51,0.19474292,random-direction
0.51,0.16558227,random-direction
0.51,0.23187998,random-direction
0.51,0.17657082,random-direction
0.51,0.288599,random-direction
0.51,0.19182822,random-direction
0.51,0.17030342,random-direction
0.51,0.31882828,random-direction
0.51,0.22931865,random-direction
0.51,0.1697599,random-direction
0.51,0.1686021,random-direction
0.51,0.18858391,random-direction
0.51,0.19385585,random-direction
0.51,0.21037082,random-direction
0.51,0.1735565,random-direction
0.51,0.21527061,random-direction
0.51,0.22690685,random-direction
0.51,0.21603434,random-direction
0.51,0.1654542,random-direction
0.51,0.22966118,random-direction
0.51,0.21011606,random-direction
0.51,0.1778417,random-direction
0.51,0.20020756,random-direction
0.51,0.17640409,random-direction
0.51,0.25666532,random-direction
0.51,0.18635596,random-direction
0.51,0.17655216,random-direction
0.51,0.24014933,random-direction
0.51,0.24859557,random-direction
0.51,0.22201419,random-direction
0.51,0.22782569,random-direction
0.51,0.23246019,random-direction
0.51,0.26100218,random-direction
0.51,0.17175595,random-direction
0.51,0.1767135,random-direction
0.51,0.22588566,random-direction
0.51,0.23448749,random-direction
0.51,0.19243118,random-direction
0.51,0.14748566,random-direction
0.51,0.24703923,random-direction
0.51,0.09180279,random-direction
0.51,0.22091489,random-direction
0.51,0.21356001,random-direction
0.51,0.24663863,random-direction
0.51,0.14822905,random-direction
0.51,0.20914435,random-direction
0.51,0.23270996,random-direction
0.51,0.16567093,random-direction
0.51,0.13302255,random-direction
0.51,0.13707265,random-direction
0.51,0.15366733,random-direction
0.51,0.20014593,random-direction
0.51,0.19083986,random-direction
0.51,0.17073314,random-direction
0.51,0.13510765,random-direction
0.51,0.24240728,random-direction
0.51,0.1810331,random-direction
0.51,0.2434849,random-direction
0.51,0.173359,random-direction
0.51,0.15969181,random-direction
0.55,0.45347685,random-direction
0.55,0.20512569,random-direction
0.55,0.21253014,random-direction
0.55,0.25143015,random-direction
0.55,0.28326917,random-direction
0.55,0.21391232,random-direction
0.55,0.23313454,random-direction
0.55,0.21666305,random-direction
0.55,0.21944526,random-direction
0.55,0.25348502,random-direction
0.55,0.2853302,random-direction
0.55,0.2446427,random-direction
0.55,0.2641267,random-direction
0.55,0.20182016,random-direction
0.55,0.20440808,random-direction
0.55,0.20456484,random-direction
0.55,0.20939827,random-direction
0.55,0.25207266,random-direction
0.55,0.25586963,random-direction
0.55,0.18938938,random-direction
0.55,0.15465976,random-direction
0.55,0.19798353,random-direction
0.55,0.19533858,random-direction
0.55,0.20688453,random-direction
0.55,0.26450917,random-direction
0.55,0.30624783,random-direction
0.55,0.21014759,random-direction
0.55,0.18723966,random-direction
0.55,0.2526682,random-direction
0.55,0.20093927,random-direction
0.55,0.19809194,random-direction
0.55,0.15842254,random-direction
0.55,0.1725148,random-direction
0.55,0.21985514,random-direction
0.55,0.20481429,random-direction
0.55,0.2586396,random-direction
0.55,0.1559749,random-direction
0.55,0.19165823,random-direction
0.55,0.18188636,random-direction
0.55,0.23541422,random-direction
0.55,0.19657901,random-direction
0.55,0.23191532,random-direction
0.55,0.18496856,random-direction
0.55,0.1799145,random-direction
0.55,0.29528552,random-direction
0.55,0.23125342,random-direction
0.55,0.2876698,random-direction
0.55,0.1870397,random-direction
0.55,0.2409106,random-direction
0.55,0.107293606,random-direction
0.55,0.2286478,random-direction
0.55,0.24723038,random-direction
0.55,0.19653854,random-direction
0.55,0.1489615,random-direction
0.55,0.16721421,random-direction
0.55,0.18880726,random-direction
0.55,0.2226413,random-direction
0.55,0.25318506,random-direction
0.55,0.23318818,random-direction
0.55,0.23931405,random-direction
0.55,0.23457639,random-direction
0.55,0.2624154,random-direction
0.55,0.21000604,random-direction
0.55,0.2184844,random-direction
0.55,0.1782344,random-direction
0.55,0.33102408,random-direction
0.55,0.23466161,random-direction
0.55,0.28961715,random-direction
0.55,0.19531682,random-direction
0.55,0.17140062,random-direction
0.55,0.1410999,random-direction
0.55,0.16880833,random-direction
0.55,0.2505611,random-direction
0.55,0.22154157,random-direction
0.55,0.29148155,random-direction
0.55,0.17305091,random-direction
0.55,0.21570568,random-direction
0.55,0.1593849,random-direction
0.55,0.14602417,random-direction
0.55,0.17787266,random-direction
0.55,0.21492498,random-direction
0.55,0.22052939,random-direction
0.55,0.1544182,random-direction
0.55,0.22887659,random-direction
0.55,0.17404719,random-direction
0.55,0.21325377,random-direction
0.55,0.14615169,random-direction
0.55,0.2464956,random-direction
0.55,0.20132616,random-direction
0.55,0.36734664,random-direction
0.55,0.18669096,random-direction
0.55,0.17881744,random-direction
0.55,0.23310485,random-direction
0.55,0.22058623,random-direction
0.55,0.24282293,random-direction
0.55,0.19455922,random-direction
0.55,0.20904994,random-direction
0.55,0.3024103,random-direction
0.55,0.23663974,random-direction
0.55,0.13564727,random-direction
0.55,0.3274655,random-direction
0.55,0.21660003,random-direction
0.55,0.29650825,random-direction
0.55,0.24554157,random-direction
0.55,0.13991156,random-direction
0.55,0.2526701,random-direction
0.55,0.16633418,random-direction
0.55,0.38468814,random-direction
0.55,0.18658501,random-direction
0.55,0.1784673,random-direction
0.55,0.28540343,random-direction
0.55,0.16287357,random-direction
0.55,0.14520182,random-direction
0.55,0.26018023,random-direction
0.55,0.2355049,random-direction
0.55,0.23707998,random-direction
0.55,0.24886294,random-direction
0.55,0.18166548,random-direction
0.55,0.21660161,random-direction
0.55,0.28646785,random-direction
0.59,0.24858192,random-direction
0.59,0.24432877,random-direction
0.59,0.16536482,random-direction
0.59,0.23290476,random-direction
0.59,0.50167763,random-direction
0.59,0.23443997,random-direction
0.59,0.28848305,random-direction
0.59,0.24725465,random-direction
0.59,0.21509056,random-direction
0.59,0.20219746,random-direction
0.59,0.19509558,random-direction
0.59,0.28119662,random-direction
0.59,0.21516272,random-direction
0.59,0.21855454,random-direction
0.59,0.28192812,random-direction
0.59,0.21340284,random-direction
0.59,0.23437345,random-direction
0.59,0.21245822,random-direction
0.59,0.20063877,random-direction
0.59,0.14735085,random-direction
0.59,0.1903573,random-direction
0.59,0.27986774,random-direction
0.59,0.19838017,random-direction
0.59,0.21530113,random-direction
0.59,0.3315033,random-direction
0.59,0.2177188,random-direction
0.59,0.4451963,random-direction
0.59,0.23819213,random-direction
0.59,0.19155668,random-direction
0.59,0.17848155,random-direction
0.59,0.19409472,random-direction
0.59,0.23155685,random-direction
0.59,0.23568925,random-direction
0.59,0.37989315,random-direction
0.59,0.30555794,random-direction
0.59,0.20389585,random-direction
0.59,0.23412149,random-direction
0.59,0.17621765,random-direction
0.59,0.21851878,random-direction
0.59,0.21186869,random-direction
0.59,0.25875288,random-direction
0.59,0.19295084,random-direction
0.59,0.25970134,random-direction
0.59,0.22176094,random-direction
0.59,0.1936368,random-direction
0.59,0.21996722,random-direction
0.59,0.2942822,random-direction
0.59,0.20811045,random-direction
0.59,0.16829836,random-direction
0.59,0.1821276,random-direction
0.59,0.2824747,random-direction
0.59,0.259719,random-direction
0.59,0.17683876,random-direction
0.59,0.3279359,random-direction
0.59,0.2710437,random-direction
0.59,0.2749058,random-direction
0.59,0.28668714,random-direction
0.59,0.2585202,random-direction
0.59,0.2572598,random-direction
0.59,0.19712833,random-direction
0.59,0.19037029,random-direction
0.59,0.31660607,random-direction
0.59,0.28936532,random-direction
0.59,0.24292943,random-direction
0.59,0.25369757,random-direction
0.59,0.20783241,random-direction
0.59,0.31296074,random-direction
0.59,0.25367898,random-direction
0.59,0.19035175,random-direction
0.59,0.31302607,random-direction
0.59,0.18544562,random-direction
0.59,0.22832616,random-direction
0.59,0.28706157,random-direction
0.59,0.22666898,random-direction
0.59,0.20825148,random-direction
0.59,0.20921615,random-direction
0.59,0.22029781,random-direction
0.59,0.17200556,random-direction
0.59,0.2685328,random-direction
0.59,0.20470044,random-direction
0.59,0.2649999,random-direction
0.59,0.24530753,random-direction
0.59,0.15842898,random-direction
0.59,0.23441994,random-direction
0.59,0.162653,random-direction
0.59,0.2794649,random-direction
0.59,0.28904757,random-direction
0.59,0.2646502,random-direction
0.59,0.2207493,random-direction
0.59,0.25741833,random-direction
0.59,0.30584186,random-direction
0.59,0.1764057,random-direction
0.59,0.16617131,random-direction
0.59,0.16346085,random-direction
0.59,0.2859245,random-direction
0.59,0.20877178,random-direction
0.59,0.27404445,random-direction
0.59,0.15494224,random-direction
0.59,0.27615184,random-direction
0.59,0.18969108,random-direction
0.59,0.2357742,random-direction
0.59,0.18244408,random-direction
0.59,0.18267144,random-direction
0.59,0.1872254,random-direction
0.59,0.21590526,random-direction
0.59,0.22841339,random-direction
0.59,0.28504336,random-direction
0.59,0.25748676,random-direction
0.59,0.33108878,random-direction
0.59,0.113843895,random-direction
0.59,0.16488531,random-direction
0.59,0.19896641,random-direction
0.59,0.21241537,random-direction
0.59,0.178948,random-direction
0.59,0.23166811,random-direction
0.59,0.2327621,random-direction
0.59,0.3044092,random-direction
0.59,0.32214293,random-direction
0.59,0.21840039,random-direction
0.59,0.22986126,random-direction
0.63,0.29347622,random-direction
0.63,0.4561905,random-direction
0.63,0.29329363,random-direction
0.63,0.19847217,random-direction
0.63,0.2506465,random-direction
0.63,0.23041272,random-direction
0.63,0.19341165,random-direction
0.63,0.30801734,random-direction
0.63,0.28878346,random-direction
0.63,0.40083447,random-direction
0.63,0.30892378,random-direction
0.63,0.21494098,random-direction
0.63,0.26353368,random-direction
0.63,0.26075077,random-direction
0.63,0.27073818,random-direction
0.63,0.3689056,random-direction
0.63,0.23854735,random-direction
0.63,0.31726032,random-direction
0.63,0.2140286,random-direction
0.63,0.59591544,random-direction
0.63,0.2587283,random-direction
0.63,0.18129747,random-direction
0.63,0.2401303,random-direction
0.63,0.22888131,random-direction
0.63,0.32127407,random-direction
0.63,0.2271202,random-direction
0.63,0.23279457,random-direction
0.63,0.24251747,random-direction
0.63,0.21654108,random-direction
0.63,0.13731667,random-direction
0.63,0.3003028,random-direction
0.63,0.2895594,random-direction
0.63,0.24258645,random-direction
0.63,0.22006953,random-direction
0.63,0.22239396,random-direction
0.63,0.25219887,random-direction
0.63,0.20523915,random-direction
0.63,0.27751583,random-direction
0.63,0.25371206,random-direction
0.63,0.27633068,random-direction
0.63,0.241797,random-direction
0.63,0.17458048,random-direction
0.63,0.25379032,random-direction
0.63,0.20539275,random-direction
0.63,0.23332441,random-direction
0.63,0.21294919,random-direction
0.63,0.22989158,random-direction
0.63,0.2010988,random-direction
0.63,0.3241225,random-direction
0.63,0.24033563,random-direction
0.63,0.18150902,random-direction
0.63,0.3246059,random-direction
0.63,0.27395692,random-direction
0.63,0.33664364,random-direction
0.63,0.18008491,random-direction
0.63,0.32562894,random-direction
0.63,0.19952515,random-direction
0.63,0.31199884,random-direction
0.63,0.23408087,random-direction
0.63,0.25613427,random-direction
0.63,0.23124203,random-direction
0.63,0.17619447,random-direction
0.63,0.2862301,random-direction
0.63,0.1882124,random-direction
0.63,0.20356753,random-direction
0.63,0.28175035,random-direction
0.63,0.26516098,random-direction
0.63,0.30478212,random-direction
0.63,0.26346502,random-direction
0.63,0.20379296,random-direction
0.63,0.3590022,random-direction
0.63,0.24037978,random-direction
0.63,0.2222785,random-direction
0.63,0.21511829,random-direction
0.63,0.24231243,random-direction
0.63,0.26349434,random-direction
0.63,0.21946895,random-direction
0.63,0.31840295,random-direction
0.63,0.25425112,random-direction
0.63,0.22565718,random-direction
0.63,0.24369983,random-direction
0.63,0.25960273,random-direction
0.63,0.21272309,random-direction
0.63,0.22793563,random-direction
0.63,0.30939072,random-direction
0.63,0.25923255,random-direction
0.63,0.16072622,random-direction
0.63,0.36106646,random-direction
0.63,0.32827434,random-direction
0.63,0.2690932,random-direction
0.63,0.1708385,random-direction
0.63,0.25906053,random-direction
0.63,0.2381781,random-direction
0.63,0.18111666,random-direction
0.63,0.27355868,random-direction
0.63,0.19553238,random-direction
0.63,0.19933377,random-direction
0.63,0.30656898,random-direction
0.63,0.22131558,random-direction
0.63,0.23217651,random-direction
0.63,0.2961013,random-direction
0.63,0.1659068,random-direction
0.63,0.2775964,random-direction
0.63,0.29493108,random-direction
0.63,0.20372364,random-direction
0.63,0.30024618,random-direction
0.63,0.1252097,random-direction
0.63,0.2050279,random-direction
0.63,0.24312028,random-direction
0.63,0.22851567,random-direction
0.63,0.20931494,random-direction
0.63,0.25652662,random-direction
0.63,0.25648355,random-direction
0.63,0.29594287,random-direction
0.63,0.31954464,random-direction
0.63,0.30269226,random-direction
0.63,0.2158082,random-direction
0.63,0.2984395,random-direction
0.63,0.24240217,random-direction
0.63,0.23377709,random-direction
0.68,0.26623783,random-direction
0.68,0.260099,random-direction
0.68,0.24184129,random-direction
0.68,0.2633094,random-direction
0.68,0.27209178,random-direction
0.68,0.33769318,random-direction
0.68,0.16891852,random-direction
0.68,0.3631348,random-direction
0.68,0.1829665,random-direction
0.68,0.18061487,random-direction
0.68,0.15388003,random-direction
0.68,0.3817109,random-direction
0.68,0.33237338,random-direction
0.68,0.6848935,random-direction
0.68,0.17952216,random-direction
0.68,0.23732492,random-direction
0.68,0.25594324,random-direction
0.68,0.23043951,random-direction
0.68,0.3246047,random-direction
0.68,0.28685862,random-direction
0.68,0.280131,random-direction
0.68,0.27365345,random-direction
0.68,0.24100912,random-direction
0.68,0.23698382,random-direction
0.68,0.23741987,random-direction
0.68,0.20594999,random-direction
0.68,0.48975125,random-direction
0.68,0.23185769,random-direction
0.68,0.2643128,random-direction
0.68,0.3080817,random-direction
0.68,0.3318805,random-direction
0.68,0.17631948,random-direction
0.68,0.33682925,random-direction
0.68,0.25702804,random-direction
0.68,0.23011856,random-direction
0.68,0.33040458,random-direction
0.68,0.24563083,random-direction
0.68,0.20181052,random-direction
0.68,0.237873,random-direction
0.68,0.31171647,random-direction
0.68,0.24767347,random-direction
0.68,0.31897822,random-direction
0.68,0.2335809,random-direction
0.68,0.30660546,random-direction
0.68,0.26888698,random-direction
0.68,0.28274256,random-direction
0.68,0.20020187,random-direction
0.68,0.27979547,random-direction
0.68,0.27224165,random-direction
0.68,0.21745305,random-direction
0.68,0.3306712,random-direction
0.68,0.24423902,random-direction
0.68,0.28666264,random-direction
0.68,0.2144481,random-direction
0.68,0.34533826,random-direction
0.68,0.21379773,random-direction
0.68,0.23168027,random-direction
0.68,0.42179856,random-direction
0.68,0.2393014,random-direction
0.68,0.19098455,random-direction
0.68,0.22072232,random-direction
0.68,0.27566668,random-direction
0.68,0.26321322,random-direction
0.68,0.2658278,random-direction
0.68,0.39304167,random-direction
0.68,0.27689886,random-direction
0.68,0.22623523,random-direction
0.68,0.2923153,random-direction
0.68,0.30856147,random-direction
0.68,0.27976376,random-direction
0.68,0.24252109,random-direction
0.68,0.22882323,random-direction
0.68,0.2516775,random-direction
0.68,0.21915734,random-direction
0.68,0.26364574,random-direction
0.68,0.23490898,random-direction
0.68,0.21884978,random-direction
0.68,0.2695077,random-direction
0.68,0.18569367,random-direction
0.68,0.31576937,random-direction
0.68,0.24701731,random-direction
0.68,0.13205634,random-direction
0.68,0.3162478,random-direction
0.68,0.27270213,random-direction
0.68,0.1839981,random-direction
0.68,0.18650821,random-direction
0.68,0.29494965,random-direction
0.68,0.2200217,random-direction
0.68,0.18797235,random-direction
0.68,0.30510387,random-direction
0.68,0.271932,random-direction
0.68,0.23774877,random-direction
0.68,0.4552988,random-direction
0.68,0.28405473,random-direction
0.68,0.29904237,random-direction
0.68,0.321236,random-direction
0.68,0.2395747,random-direction
0.68,0.27959648,random-direction
0.68,0.2013031,random-direction
0.68,0.2887719,random-direction
0.68,0.24413331,random-direction
0.68,0.28741932,random-direction
0.68,0.3208231,random-direction
0.68,0.24447326,random-direction
0.68,0.25764555,random-direction
0.68,0.2041442,random-direction
0.68,0.31185526,random-direction
0.68,0.23100999,random-direction
0.68,0.25615853,random-direction
0.68,0.27416697,random-direction
0.68,0.18192449,random-direction
0.68,0.24925068,random-direction
0.68,0.30621448,random-direction
0.68,0.26662484,random-direction
0.68,0.4066729,random-direction
0.68,0.39709944,random-direction
0.68,0.1850628,random-direction
0.68,0.31691703,random-direction
0.68,0.19533595,random-direction
0.68,0.27469003,random-direction
0.72,0.20608492,random-direction
0.72,0.30303982,random-direction
0.72,0.33506685,random-direction
0.72,0.25882596,random-direction
0.72,0.15199062,random-direction
0.72,0.23731026,random-direction
0.72,0.3051588,random-direction
0.72,0.3906574,random-direction
0.72,0.3416639,random-direction
0.72,0.37086582,random-direction
0.72,0.3865125,random-direction
0.72,0.19595781,random-direction
0.72,0.23371737,random-direction
0.72,0.22752161,random-direction
0.72,0.35040134,random-direction
0.72,0.32416815,random-direction
0.72,0.30513832,random-direction
0.72,0.29739755,random-direction
0.72,0.15065393,random-direction
0.72,0.3019823,random-direction
0.72,0.19679292,random-direction
0.72,0.269696,random-direction
0.72,0.367096,random-direction
0.72,0.2915847,random-direction
0.72,0.2908052,random-direction
0.72,0.274975,random-direction
0.72,0.38685146,random-direction
0.72,0.3322062,random-direction
0.72,0.28041294,random-direction
0.72,0.2727764,random-direction
0.72,0.2857803,random-direction
0.72,0.25922257,random-direction
0.72,0.24742143,random-direction
0.72,0.22126381,random-direction
0.72,0.26736304,random-direction
0.72,0.33274823,random-direction
0.72,0.2572361,random-direction
0.72,0.27449825,random-direction
0.72,0.24310935,random-direction
0.72,0.26929587,random-direction
0.72,0.29069275,random-direction
0.72,0.2748282,random-direction
0.72,0.2601075,random-direction
0.72,0.37358984,random-direction
0.72,0.25752097,random-direction
0.72,0.3591083,random-direction
0.72,0.27542996,random-direction
0.72,0.2538234,random-direction
0.72,0.24820988,random-direction
0.72,0.3663926,random-direction
0.72,0.31820372,random-direction
0.72,0.256271,random-direction
0.72,0.24373893,random-direction
0.72,0.3144918,random-direction
0.72,0.712643,random-direction
0.72,0.28884,random-direction
0.72,0.23208599,random-direction
0.72,0.27697378,random-direction
0.72,0.23960617,random-direction
0.72,0.25117868,random-direction
0.72,0.46973428,random-direction
0.72,0.22863448,random-direction
0.72,0.21076436,random-direction
0.72,0.2546057,random-direction
0.72,0.29589283,random-direction
0.72,0.3159016,random-direction
0.72,0.25805366,random-direction
0.72,0.3020551,random-direction
0.72,0.24374667,random-direction
0.72,0.1963412,random-direction
0.72,0.23142043,random-direction
0.72,0.26485354,random-direction
0.72,0.3154239,random-direction
0.72,0.24806488,random-direction
0.72,0.2884525,random-direction
0.72,0.19912484,random-direction
0.72,0.18098125,random-direction
0.72,0.3626253,random-direction
0.72,0.5820844,random-direction
0.72,0.20498295,random-direction
0.72,0.27200323,random-direction
0.72,0.32165247,random-direction
0.72,0.21245596,random-direction
0.72,0.43432656,random-direction
0.72,0.2350759,random-direction
0.72,0.27495238,random-direction
0.72,0.27206635,random-direction
0.72,0.2509187,random-direction
0.72,0.3312671,random-direction
0.72,0.32219478,random-direction
0.72,0.28275675,random-direction
0.72,0.22585586,random-direction
0.72,0.35097548,random-direction
0.72,0.41484863,random-direction
0.72,0.24300373,random-direction
0.72,0.3531341,random-direction
0.72,0.34871456,random-direction
0.72,0.37231055,random-direction
0.72,0.24814692,random-direction
0.72,0.28610367,random-direction
0.72,0.29347986,random-direction
0.72,0.1865197,random-direction
0.72,0.27660897,random-direction
0.72,0.22149889,random-direction
0.72,0.3520339,random-direction
0.72,0.25801992,random-direction
0.72,0.27245766,random-direction
0.72,0.26727504,random-direction
0.72,0.23687103,random-direction
0.72,0.2606246,random-direction
0.72,0.26585346,random-direction
0.72,0.32662344,random-direction
0.72,0.3673319,random-direction
0.72,0.19149241,random-direction
0.72,0.19076945,random-direction
0.72,0.27815408,random-direction
0.72,0.3610794,random-direction
0.72,0.24532747,random-direction
0.72,0.17865984,random-direction
0.72,0.2908371,random-direction
0.76,0.34172118,random-direction
0.76,0.4088579,random-direction
0.76,0.33170256,random-direction
0.76,0.18429515,random-direction
0.76,0.2573058,random-direction
0.76,0.2691091,random-direction
0.76,0.2421703,random-direction
0.76,0.35682398,random-direction
0.76,0.26415306,random-direction
0.76,0.27680713,random-direction
0.76,0.21949284,random-direction
0.76,0.21727045,random-direction
0.76,0.29789728,random-direction
0.76,0.42095938,random-direction
0.76,0.2642385,random-direction
0.76,0.22932196,random-direction
0.76,0.24611065,random-direction
0.76,0.3402153,random-direction
0.76,0.2349951,random-direction
0.76,0.3042066,random-direction
0.76,0.33750063,random-direction
0.76,0.31810594,random-direction
0.76,0.30779678,random-direction
0.76,0.35223946,random-direction
0.76,0.62262744,random-direction
0.76,0.2609306,random-direction
0.76,0.31582162,random-direction
0.76,0.34211305,random-direction
0.76,0.36064488,random-direction
0.76,0.14489287,random-direction
0.76,0.24599175,random-direction
0.76,0.3049155,random-direction
0.76,0.28768998,random-direction
0.76,0.31726605,random-direction
0.76,0.35412872,random-direction
0.76,0.36612085,random-direction
0.76,0.31266108,random-direction
0.76,0.26971537,random-direction
0.76,0.26095995,random-direction
0.76,0.48836964,random-direction
0.76,0.27964324,random-direction
0.76,0.31866598,random-direction
0.76,0.26090202,random-direction
0.76,0.40241033,random-direction
0.76,0.2713418,random-direction
0.76,0.4497912,random-direction
0.76,0.29362166,random-direction
0.76,0.3769676,random-direction
0.76,0.25502273,random-direction
0.76,0.37598222,random-direction
0.76,0.35393178,random-direction
0.76,0.23185758,random-direction
0.76,0.32562485,random-direction
0.76,0.32255882,random-direction
0.76,0.26851168,random-direction
0.76,0.27193365,random-direction
0.76,0.32060292,random-direction
0.76,0.25563702,random-direction
0.76,0.2198071,random-direction
0.76,0.31741008,random-direction
0.76,0.23034374,random-direction
0.76,0.24275105,random-direction
0.76,0.28971604,random-direction
0.76,0.2193731,random-direction
0.76,0.3640948,random-direction
0.76,0.32146108,random-direction
0.76,0.23128596,random-direction
0.76,0.3734053,random-direction
0.76,0.2952365,random-direction
0.76,0.30636045,random-direction
0.76,0.31976914,random-direction
0.76,0.37737423,random-direction
0.76,0.26547888,random-direction
0.76,0.28560302,random-direction
0.76,0.26187617,random-direction
0.76,0.3869622,random-direction
0.76,0.39157677,random-direction
0.76,0.23156205,random-direction
0.76,0.5861995,random-direction
0.76,0.23961575,random-direction
0.76,0.2503088,random-direction
0.76,0.25442922,random-direction
0.76,0.363768,random-direction
0.76,0.3394127,random-direction
0.76,0.42813617,random-direction
0.76,0.26646864,random-direction
0.76,0.25973165,random-direction
0.76,0.24627104,random-direction
0.76,0.3041221,random-direction
0.76,0.2617623,random-direction
0.76,0.31934246,random-direction
0.76,0.27888447,random-direction
0.76,0.36503202,random-direction
0.76,0.26664582,random-direction
0.76,0.34037998,random-direction
0.76,0.2769351,random-direction
0.76,0.38062638,random-direction
0.76,0.29188114,random-direction
0.76,0.22433019,random-direction
0.76,0.338527,random-direction
0.76,0.24143799,random-direction
0.76,0.19222885,random-direction
0.76,0.35712543,random-direction
0.76,0.32284778,random-direction
0.76,0.2788299,random-direction
0.76,0.26839584,random-direction
0.76,0.39555115,random-direction
0.76,0.26790673,random-direction
0.76,0.25045547,random-direction
0.76,0.20118733,random-direction
0.76,0.35707554,random-direction
0.76,0.3621681,random-direction
0.76,0.31812215,random-direction
0.76,0.33045352,random-direction
0.76,0.37701637,random-direction
0.76,0.20043759,random-direction
0.76,0.19769216,random-direction
0.76,0.33909625,random-direction
0.76,0.30185646,random-direction
0.76,0.26345128,random-direction
0.8,0.30538175,random-direction
0.8,0.23939891,random-direction
0.8,0.26478228,random-direction
0.8,0.2821821,random-direction
0.8,0.2390163,random-direction
0.8,0.2896376,random-direction
0.8,0.21736388,random-direction
0.8,0.16113126,random-direction
0.8,0.35824424,random-direction
0.8,0.32375115,random-direction
0.8,0.2866066,random-direction
0.8,0.28188288,random-direction
0.8,0.36029536,random-direction
0.8,0.2558832,random-direction
0.8,0.19086772,random-direction
0.8,0.27084118,random-direction
0.8,0.2862472,random-direction
0.8,0.32223806,random-direction
0.8,0.41249758,random-direction
0.8,0.6484765,random-direction
0.8,0.26356536,random-direction
0.8,0.2920559,random-direction
0.8,0.26338166,random-direction
0.8,0.4094201,random-direction
0.8,0.2969913,random-direction
0.8,0.48723,random-direction
0.8,0.19966826,random-direction
0.8,0.4261871,random-direction
0.8,0.2855261,random-direction
0.8,0.2742006,random-direction
0.8,0.32626253,random-direction
0.8,0.47432643,random-direction
0.8,0.39641765,random-direction
0.8,0.20711243,random-direction
0.8,0.3104125,random-direction
0.8,0.24713814,random-direction
0.8,0.31010225,random-direction
0.8,0.2630923,random-direction
0.8,0.31007797,random-direction
0.8,0.25157726,random-direction
0.8,0.28347284,random-direction
0.8,0.3957519,random-direction
0.8,0.26145193,random-direction
0.8,0.31443888,random-direction
0.8,0.39161706,random-direction
0.8,0.29479393,random-direction
0.8,0.36063522,random-direction
0.8,0.28044152,random-direction
0.8,0.2791651,random-direction
0.8,0.33482507,random-direction
0.8,0.32612258,random-direction
0.8,0.3285424,random-direction
0.8,0.39762405,random-direction
0.8,0.27314347,random-direction
0.8,0.22984889,random-direction
0.8,0.348155,random-direction
0.8,0.35932285,random-direction
0.8,0.4190517,random-direction
0.8,0.34981263,random-direction
0.8,0.26072904,random-direction
0.8,0.23720829,random-direction
0.8,0.25650147,random-direction
0.8,0.3170828,random-direction
0.8,0.3694924,random-direction
0.8,0.35568875,random-direction
0.8,0.30083653,random-direction
0.8,0.24127886,random-direction
0.8,0.27722055,random-direction
0.8,0.36769292,random-direction
0.8,0.39172012,random-direction
0.8,0.27822325,random-direction
0.8,0.25227788,random-direction
0.8,0.46808943,random-direction
0.8,0.29622334,random-direction
0.8,0.2896899,random-direction
0.8,0.26972902,random-direction
0.8,0.38220143,random-direction
0.8,0.32053605,random-direction
0.8,0.31297484,random-direction
0.8,0.29181617,random-direction
0.8,0.38733846,random-direction
0.8,0.31675935,random-direction
0.8,0.37191486,random-direction
0.8,0.282491,random-direction
0.8,0.3318339,random-direction
0.8,0.34458527,random-direction
0.8,0.43644565,random-direction
0.8,0.2319633,random-direction
0.8,0.3123315,random-direction
0.8,0.49448282,random-direction
0.8,0.24896339,random-direction
0.8,0.28161308,random-direction
0.8,0.39507353,random-direction
0.8,0.2810251,random-direction
0.8,0.351803,random-direction
0.8,0.25528046,random-direction
0.8,0.2493124,random-direction
0.8,0.28994805,random-direction
0.8,0.21680585,random-direction
0.8,0.24621883,random-direction
0.8,0.21652615,random-direction
0.8,0.3750316,random-direction
0.8,0.23825796,random-direction
0.8,0.28924894,random-direction
0.8,0.38562077,random-direction
0.8,0.24948952,random-direction
0.8,0.6089149,random-direction
0.8,0.32039833,random-direction
0.8,0.2910356,random-direction
0.8,0.27902877,random-direction
0.8,0.3966387,random-direction
0.8,0.41912833,random-direction
0.8,0.29123402,random-direction
0.8,0.31214637,random-direction
0.8,0.4163657,random-direction
0.8,0.2796802,random-direction
0.8,0.32160017,random-direction
0.8,0.365511,random-direction
0.8,0.45582372,random-direction
0.8,0.3108449,random-direction
